,name,platform,original_price,discounted_price,discount,release_data,users_rating,category,extraction_date
0,The Division 2 (Europe),Uplay,60€,43.79€,-27%,15 marzo 2019,81 /100,GAME,2019-03-29
1,Sekiro: Shadows Die Twice (Europe),Steam,60€,51.69€,-14%,22 marzo 2019,87 /100,GAME,2019-03-29
2,Grand Theft Auto V,Rockstar,30€,11.59€,-61%,14 abril 2015,88 /100,GAME,2019-03-29
3,Battlefield 5,Origin,60€,28.98€,-52%,20 noviembre 2018,76 /100,GAME,2019-03-29
4,Guild Wars 2: 2000 Gems,Ncsoft,25€,16.81€,-33%,28 agosto 2012,91 /100,DLC,2019-03-29
5,Outward,Steam,40€,33.98€,-15%,26 marzo 2019,78 /100,GAME,2019-03-29
6,Suscripción Xbox Live Gold 12 Meses,Xbox,60€,38.99€,-35%,N/A,96 /100,GAME,2019-03-29
7,Sea of Thieves (PC / Xbox ONE),Xbox Play Anywhere,70€,39.89€,-43%,20 marzo 2018,80 /100,GAME,2019-03-29
8,FIFA 19: 2200 FUT Points,Origin,20€,14.54€,-27%,28 septiembre 2018,62 /100,DLC,2019-03-29
9,World of Warcraft: Tarjeta 60 Días (Europe),Battle.net,30€,21.32€,-29%,29 noviembre 2004,94 /100,DLC,2019-03-29
10,Grand Theft Auto V: Premium Online Edition,Rockstar,35€,14.90€,-57%,14 abril 2015,88 /100,GAME,2019-03-29
11,Rocket League,Steam,20€,7.98€,-60%, 7 julio 2015,92 /100,GAME,2019-03-29
12,Forza Horizon 4 (PC / Xbox ONE),Xbox Play Anywhere,70€,34.99€,-50%, 2 octubre 2018,89 /100,GAME,2019-03-29
13,Football Manager 2019 (Europe),Steam,55€,19.26€,-65%, 2 noviembre 2018,86 /100,GAME,2019-03-29
14,Ark: Survival Evolved,Steam,55€,14.49€,-74%,29 agosto 2017,78 /100,GAME,2019-03-29
15,Call of Duty: Black Ops II,Steam,60€,6.87€,-89%,13 noviembre 2012,87 /100,GAME,2019-03-29
16,Borderlands 2 (Game of the Year Edition) (Europe),Steam,45€,5.42€,-88%,12 octubre 2010,92 /100,GAME,2019-03-29
17,Euro Truck Simulator 2,Steam,20€,4.98€,-75%,19 octubre 2012,91 /100,GAME,2019-03-29
18,Tropico 6 (Europe),Steam,50€,30.69€,-39%,29 marzo 2019,80 /100,GAME,2019-03-29
19,Generation Zero,Steam,35€,28.95€,-17%,26 marzo 2019,58 /100,GAME,2019-03-29
20,Los Sims 4 (Europe),Origin,40€,11.99€,-70%, 4 septiembre 2014,82 /100,GAME,2019-03-29
21,The Division 2 Xbox ONE,Xbox,70€,50.99€,-27%,15 marzo 2019,81 /100,GAME,2019-03-29
22,Human: Fall Flat,Steam,15€,3.29€,-78%,22 julio 2016,86 /100,GAME,2019-03-29
23,Call of Duty: Black Ops III + Nuketown,Steam,60€,8.26€,-86%, 5 noviembre 2015,79 /100,GAME,2019-03-29
24,Titanfall 2,Origin,60€,9.49€,-84%,28 octubre 2016,88 /100,GAME,2019-03-29
25,F1 2018,Steam,55€,12.85€,-77%,24 agosto 2018,90 /100,GAME,2019-03-29
26,Suscripción Xbox Live Gold 1 Mes,Xbox,7€,6.73€,-4%,N/A,96 /100,GAME,2019-03-29
27,Xbox Live Gold 14 Days Membership (Only New Accounts),Xbox,4€,1.99€,-50%,N/A,96 /100,GAME,2019-03-29
28,Suscripción Xbox Live Gold 3 Meses,Xbox,20€,13.99€,-30%,N/A,96 /100,GAME,2019-03-29
29,Dead by Daylight,Steam,20€,8.68€,-57%,14 junio 2016,83 /100,GAME,2019-03-29
30,Grid 2,Steam,25€,1.01€,-96%,31 mayo 2013,80 /100,GAME,2019-03-29
31,Fortnite Bomber Skin + 500 V-bucks PS4 (Europe),Playstation,80€,13.99€,-83%,25 julio 2017,74 /100,GAME,2019-03-29
32,Tom Clancy's Rainbow Six Siege (Europe),Uplay,40€,12.98€,-68%, 1 diciembre 2015,86 /100,GAME,2019-03-29
33,FIFA 19,Origin,60€,26.43€,-56%,28 septiembre 2018,66 /100,GAME,2019-03-29
34,Playerunknown's Battlegrounds,Steam,30€,20.26€,-32%,21 diciembre 2017,83 /100,GAME,2019-03-29
35,Farming Simulator 19,Steam,35€,26.31€,-25%,20 noviembre 2018,87 /100,GAME,2019-03-29
36,Los Sims 4: ¡Rumbo a la Fama! ,Origin,40€,15.98€,-60%,16 noviembre 2018,91 /100,DLC,2019-03-29
37,Sid Meier's Civilization VI: Gathering Storm (Europe),Steam,40€,27.53€,-31%,14 febrero 2019,93 /100,DLC,2019-03-29
38,Far Cry New Dawn (Europe),Uplay,45€,19.98€,-56%,15 febrero 2019,74 /100,GAME,2019-03-29
39,Devil May Cry 5 (Europe),Steam,60€,35.49€,-41%, 8 marzo 2019,90 /100,GAME,2019-03-29
40,For the King,Steam,20€,2.41€,-88%,28 febrero 2017,87 /100,GAME,2019-03-29
41,Euro Truck Simulator 2: Beyond the Baltic Sea,Steam,18€,8.52€,-53%,29 noviembre 2018,97 /100,DLC,2019-03-29
42,Minecraft,Official Website,24€,20.80€,-13%,19 noviembre 2011,89 /100,GAME,2019-03-29
43,Metro: Exodus (Europe),Epic Games,60€,37.98€,-37%,15 febrero 2019,78 /100,GAME,2019-03-29
44,Dark Souls 3 Deluxe Edition,Steam,85€,17.49€,-79%,12 abril 2016,92 /100,GAME,2019-03-29
45,The Elder Scrolls V: Skyrim Special Edition,Steam,40€,13.14€,-67%,28 octubre 2016,94 /100,GAME,2019-03-29
46,Battlefield 1 Revolution Xbox ONE,Xbox,40€,1.99€,-95%,22 agosto 2017,84 /100,GAME,2019-03-29
47,Tarjeta PlayStation Network 50€ (España) (ES),Playstation,50€,43.99€,-12%,N/A,96 /100,GAME,2019-03-29
48,Civilization VI (Europe),Steam,60€,10.33€,-83%,21 octubre 2016,86 /100,GAME,2019-03-29
49,Call of Duty: Modern Warfare 3 (Europe),Steam,40€,5.92€,-85%, 8 noviembre 2011,85 /100,GAME,2019-03-29
50,Assassin's Creed Odyssey (Europe),Uplay,60€,24.75€,-59%, 5 octubre 2018,85 /100,GAME,2019-03-29
51,Xbox Game Pass 1 Month Trial Xbox ONE (Only New Accounts),Xbox,10€,1.99€,-80%,N/A,99 /100,GAME,2019-03-29
52,Los Sims 4: Perros y Gatos,Origin,40€,15.49€,-61%,10 noviembre 2017,91 /100,DLC,2019-03-29
53,Doom,Steam,20€,6.54€,-67%,13 mayo 2016,91 /100,GAME,2019-03-29
54,Conan Exiles,Steam,40€,14.55€,-64%, 8 mayo 2018,75 /100,GAME,2019-03-29
55,Overwatch Legendary Edition,Battle.net,40€,23.20€,-42%,24 julio 2018,90 /100,GAME,2019-03-29
56,Tarjeta regalo Xbox Live 10€ (zona euro),Xbox,10€,9.79€,-2%,N/A,95 /100,GAME,2019-03-29
57,Los Sims 4: Y Las Cuatro Estaciones,Origin,40€,16.98€,-57%,22 junio 2018,92 /100,DLC,2019-03-29
58,Total War: Warhammer II (Europe),Steam,60€,14.83€,-75%,28 septiembre 2017,88 /100,GAME,2019-03-29
59,Office Hogar y Estudiante 2016,Software,149€,14.49€,-90%,22 septiembre 2015,84 /100,GAME,2019-03-29
60,Call of Duty: Modern Warfare 2 (Europe),Steam,20€,5.74€,-71%,10 noviembre 2009,89 /100,GAME,2019-03-29
61,Mortal Kombat XL,Steam,20€,5.00€,-75%,13 abril 2015,85 /100,GAME,2019-03-29
62,Euro Truck Simulator 2: Italia,Steam,18€,6.55€,-64%, 5 diciembre 2017,95 /100,DLC,2019-03-29
63,Civilization VI: Rise and Fall (Europe),Steam,30€,12.14€,-60%, 8 febrero 2018,91 /100,DLC,2019-03-29
64,FIFA 19: 12000 FUT Points Xbox ONE,Xbox,100€,84.89€,-15%,28 septiembre 2018,? /100,DLC,2019-03-29
65,Yoshi's Crafted World Switch (Europe),Nintendo,60€,47.99€,-20%,29 marzo 2019,? /100,GAME,2019-03-29
66,Xbox Live Gold 12 Month Membership (Europe),Xbox,60€,37.99€,-37%,N/A,100 /100,GAME,2019-03-29
67,Euro Truck Simulator 2: Vive la France,Steam,18€,4.19€,-77%, 5 diciembre 2016,93 /100,DLC,2019-03-29
68,Cities: Skylines,Steam,28€,6.19€,-78%,10 marzo 2015,88 /100,GAME,2019-03-29
69,Los Sims 3,Official Website,32€,3.84€,-88%, 4 junio 2009,84 /100,GAME,2019-03-29
70,Nioh: Complete Edition (Europe),Steam,50€,18.39€,-63%, 7 noviembre 2017,76 /100,GAME,2019-03-29
71,Resident Evil 2 Biohazard RE:2 (Europe),Steam,60€,28.29€,-53%,25 enero 2019,93 /100,GAME,2019-03-29
72,Stardew Valley,Steam,14€,11.53€,-18%,26 febrero 2016,93 /100,GAME,2019-03-29
73,PlayStation Plus - 14 Days Trial Only New Accounts (Europe),Playstation,,3.99€,N/A, 1 enero 2010,? /100,GAME,2019-03-29
74,Guild Wars 2: Path of Fire,Ncsoft,30€,16.49€,-45%,22 septiembre 2017,91 /100,GAME,2019-03-29
75,ARK: Survival Evolved Season Pass,Steam,40€,18.90€,-53%,29 agosto 2017,95 /100,DLC,2019-03-29
76,Tropico 6 El Prez Edition (Europe),Steam,55€,36.49€,-34%,29 marzo 2019,80 /100,GAME,2019-03-29
77,Watch Dogs 2 (Europe),Uplay,60€,8.55€,-86%,29 noviembre 2016,80 /100,GAME,2019-03-29
78,Fallout 4 GOTY Edition,Steam,40€,12.12€,-70%,25 septiembre 2017,88 /100,GAME,2019-03-29
79,Call of Duty: Black Ops (Europe),Steam,40€,6.48€,-84%, 9 noviembre 2010,88 /100,GAME,2019-03-29
80,Dark Souls 3,Steam,60€,11.98€,-80%,12 abril 2016,92 /100,GAME,2019-03-29
81,Assassin's Creed Odyssey Gold Edition Xbox ONE,Xbox,100€,38.78€,-61%, 5 octubre 2018,85 /100,GAME,2019-03-29
82,Payday 2,Steam,10€,4.37€,-56%,13 agosto 2013,88 /100,GAME,2019-03-29
83,Civilization V: Complete Edition,Steam,45€,7.38€,-84%,23 septiembre 2010,89 /100,GAME,2019-03-29
84,Tarjeta regalo Xbox Live 50€ (zona euro),Xbox,50€,47.49€,-5%,N/A,95 /100,GAME,2019-03-29
85,Assetto Corsa,Steam,20€,9.39€,-53%,19 diciembre 2014,85 /100,GAME,2019-03-29
86,Borderlands GOTY Edition,Steam,20€,5.25€,-74%, 8 octubre 2010,90 /100,GAME,2019-03-29
87,Mortal Kombat 11 (Beta Access) PS4 (Europe),Playstation,,2.09€,N/A,28 marzo 2019,? /100,DLC,2019-03-29
88,Arma 3 (Europe),Steam,35€,18.89€,-46%,12 septiembre 2013,87 /100,GAME,2019-03-29
89,DiRT Rally 2.0,Steam,55€,25.98€,-53%,26 febrero 2019,79 /100,GAME,2019-03-29
90,Fortnite Deep Freeze Bundle PC,Epic Games,30€,15.81€,-47%, 6 diciembre 2018,86 /100,GAME,2019-03-29
91,The Sims 4: Urbanitas,Origin,40€,16.49€,-59%, 3 noviembre 2016,90 /100,DLC,2019-03-29
92,Civilization VI Deluxe Edition (Europe),Steam,80€,13.13€,-84%,21 octubre 2016,86 /100,GAME,2019-03-29
93,TrackMania² Stadium,Steam,10€,4.70€,-53%,27 febrero 2013,88 /100,GAME,2019-03-29
94,Frostpunk (Europe),Steam,30€,13.98€,-53%,24 abril 2018,87 /100,GAME,2019-03-29
95,EA Access Pass 1 Mes Xbox One,Xbox,4€,2.99€,-25%,N/A,96 /100,GAME,2019-03-29
96,One Piece World Seeker,Steam,50€,34.98€,-30%,15 marzo 2019,61 /100,GAME,2019-03-29
97,Fortnite Eon Cosmetic Set + 2000 V-Bucks Xbox ONE,Xbox,100€,42.89€,-57%,26 septiembre 2018,87 /100,GAME,2019-03-29
98,Grand Theft Auto Online: Great White Shark Cash Card,Rockstar,15€,11.17€,-25%,14 abril 2015,88 /100,DLC,2019-03-29
99,Fallout 76 (Europe),Official Website,60€,15.99€,-73%,14 noviembre 2018,55 /100,GAME,2019-03-29
100,Euro Truck Simulator 2: Scandinavia,Steam,18€,4.40€,-76%, 6 mayo 2015,94 /100,DLC,2019-03-29
101,Space Engineers (Europe),Steam,17€,8.85€,-48%,23 octubre 2013,86 /100,GAME,2019-03-29
102,Borderlands: The Pre-Sequel (Europe),Steam,40€,5.81€,-85%,16 octubre 2014,85 /100,GAME,2019-03-29
103,Age of Empires: Definitive Edition,Official Website,20€,7.77€,-61%,20 febrero 2018,62 /100,GAME,2019-03-29
104,Star Wars: Battlefront 2,Origin,60€,12.96€,-78%,17 noviembre 2017,70 /100,GAME,2019-03-29
105,Los Sims 4: ¡A Trabajar!,Origin,40€,14.09€,-65%, 2 abril 2015,87 /100,DLC,2019-03-29
106,FIFA 19: 4600 FUT Points Xbox ONE,Xbox,40€,34.99€,-13%,28 septiembre 2018,? /100,DLC,2019-03-29
107,Tom Clancy's Rainbow Six Siege Year 4 Pass (Europe),Uplay,30€,26.49€,-12%, 5 marzo 2019,87 /100,DLC,2019-03-29
108,FIFA 19 Xbox ONE,Xbox,70€,24.99€,-64%,28 septiembre 2018,66 /100,GAME,2019-03-29
109,Battlefield 5 Deluxe Edition Xbox ONE,Xbox,90€,29.79€,-67%,18 noviembre 2018,76 /100,GAME,2019-03-29
110,7 Days to Die,Steam,23€,15.19€,-34%,13 diciembre 2013,86 /100,GAME,2019-03-29
111,Gears of War 4 (PC / Xbox One),Xbox Play Anywhere,70€,4.99€,-93%,11 octubre 2016,71 /100,GAME,2019-03-29
112,Grand Theft Auto Online: Tiger Shark Cash Card,Rockstar,4€,2.89€,-28%,14 abril 2015,87 /100,DLC,2019-03-29
113,Pc Building Simulator,Steam,20€,10.08€,-50%,N/A,84 /100,GAME,2019-03-29
114,The Elder Scrolls V: Skyrim Legendary Edition (Europe),Steam,45€,7.96€,-82%, 7 junio 2013,94 /100,GAME,2019-03-29
115,Battlefield 1,Origin,60€,9.49€,-84%,21 octubre 2016,85 /100,GAME,2019-03-29
116,Dying Light: The Following - Enhanced Edition (Europe),Steam,30€,14.04€,-53%, 9 febrero 2016,90 /100,GAME,2019-03-29
117,Terraria,Steam,10€,6.20€,-38%,16 mayo 2011,90 /100,GAME,2019-03-29
118,Tarjeta Nintendo eShop 15€ (Europe),Nintendo,15€,14.39€,-4%,N/A,100 /100,GAME,2019-03-29
119,Far Cry 5 (Europe),Uplay,60€,19.98€,-67%,27 marzo 2018,77 /100,GAME,2019-03-29
120,Two Point Hospital (Europe),Steam,35€,21.64€,-38%,30 agosto 2018,87 /100,GAME,2019-03-29
121,The Escapists 2,Steam,20€,7.85€,-61%,21 agosto 2017,93 /100,GAME,2019-03-29
122,We. The Revolution,Steam,20€,16.49€,-18%,21 marzo 2019,80 /100,GAME,2019-03-29
123,Middle-earth: Shadow of War Definitive Edition,Steam,50€,11.39€,-77%,28 agosto 2018,84 /100,GAME,2019-03-29
124,The Sims 4: Get Together,Origin,40€,11.49€,-71%,10 diciembre 2015,79 /100,DLC,2019-03-29
125,World of Warcraft: Battle for Azeroth (Europe),Battle.net,45€,29.54€,-34%,14 agosto 2018,86 /100,DLC,2019-03-29
126,The Division (Europe),Uplay,50€,13.99€,-72%, 8 marzo 2016,79 /100,GAME,2019-03-29
127,Anthem,Origin,60€,39.98€,-33%,22 febrero 2019,65 /100,GAME,2019-03-29
128,Skyrim 3 Addon Pack: Dawnguard + Dragonborn + Hearthfire,Steam,45€,5.73€,-87%,2013,96 /100,DLC,2019-03-29
129,Command & Conquer: The Ultimate Collection,Origin,30€,5.71€,-81%, 4 octubre 2012,86 /100,GAME,2019-03-29
130,World of Warcraft: Tarjeta 30 Días (Europe),Battle.net,13€,10.99€,-15%,29 noviembre 2004,94 /100,DLC,2019-03-29
131,The Elder Scrolls Online: Tamriel Unlimited 3000 Crown Pack,Official Website,21€,17.69€,-16%,N/A,69 /100,DLC,2019-03-29
132,Battlefield 4: Premium Edition (juego incluido + all DLC) (Europe),Origin,70€,13.23€,-81%,24 octubre 2014,85 /100,GAME,2019-03-29
133,Xbox Live Gold 3 Month Membership (Europe),Xbox,20€,12.99€,-35%,N/A,100 /100,GAME,2019-03-29
134,Total War: Warhammer,Steam,60€,11.44€,-81%,24 mayo 2016,84 /100,GAME,2019-03-29
135,Tarjeta PlayStation Network 10€ (España) (ES),Playstation,10€,9.09€,-9%,N/A,96 /100,GAME,2019-03-29
136,Insurgency: Sandstorm,Steam,30€,20.31€,-32%,12 diciembre 2018,78 /100,GAME,2019-03-29
137,NBA 2K19 (Europe),Steam,50€,17.13€,-66%,10 septiembre 2018,69 /100,GAME,2019-03-29
138,Northgard,Steam,28€,8.05€,-71%,22 febrero 2017,88 /100,GAME,2019-03-29
139,Hitman 2,Steam,60€,15.85€,-74%,13 noviembre 2018,86 /100,GAME,2019-03-29
140,Tarjeta regalo Xbox Live 25€ (zona euro),Xbox,25€,23.99€,-4%,N/A,95 /100,GAME,2019-03-29
141,The Witcher 3: Wild Hunt GOTY,GOG.com,50€,14.98€,-70%,30 agosto 2016,95 /100,GAME,2019-03-29
142,Worms: Weapons of Mass Destruction,Steam,30€,6.89€,-77%,23 agosto 2016,93 /100,GAME,2019-03-29
143,Dark Souls 2: Scholar of the First Sin,Steam,40€,7.99€,-80%, 2 abril 2015,87 /100,GAME,2019-03-29
144,The Legend of Zelda: Breath of the Wild Switch (Europe),Nintendo,70€,54.99€,-21%, 3 marzo 2017,95 /100,GAME,2019-03-29
145,Battlefield 4 (Europe),Origin,20€,6.22€,-69%,31 octubre 2013,85 /100,GAME,2019-03-29
146,Shadow of the Tomb Raider,Steam,60€,22.03€,-63%,14 septiembre 2018,90 /100,GAME,2019-03-29
147,Tarjeta PlayStation Network 20€ (España) (ES),Playstation,20€,17.99€,-10%,N/A,96 /100,DLC,2019-03-29
148,Ghost Recon: Wildlands (Europe),Uplay,50€,18.99€,-62%, 7 marzo 2017,83 /100,GAME,2019-03-29
149,Battlefield 1 Revolution Edition ,Origin,60€,11.49€,-81%,22 agosto 2017,85 /100,GAME,2019-03-29
150,Nintendo Membership 12 Month (Individual) (Europe),Nintendo,20€,17.99€,-10%,19 septiembre 2018,88 /100,GAME,2019-03-29
151,Dishonored 2,Steam,40€,6.95€,-83%,11 noviembre 2016,85 /100,GAME,2019-03-29
152,Dragon Ball FighterZ,Steam,60€,18.15€,-70%,26 enero 2018,87 /100,GAME,2019-03-29
153,Tarjeta regalo Xbox Live 15€ (zona euro),Xbox,15€,14.50€,-3%,N/A,95 /100,GAME,2019-03-29
154,Stellaris,Steam,40€,7.00€,-82%, 9 mayo 2016,85 /100,GAME,2019-03-29
155,Xbox Game Pass 3 Months Xbox ONE,Xbox,30€,19.99€,-33%,N/A,99 /100,GAME,2019-03-29
156,Mount and Blade: Warband (Europe),Steam,20€,1.88€,-91%,31 marzo 2010,92 /100,GAME,2019-03-29
157,Assassin's Creed: Unity Xbox ONE,Xbox,60€,1.79€,-97%,13 noviembre 2014,79 /100,GAME,2019-03-29
158,Kingdom Come: Deliverance,Steam,50€,19.32€,-61%,13 febrero 2018,83 /100,GAME,2019-03-29
159,Euro Truck Simulator 2 Gold Edition,Steam,16€,6.04€,-62%,19 octubre 2012,91 /100,GAME,2019-03-29
160,Warhammer: Vermintide 2,Steam,28€,10.89€,-61%, 8 marzo 2018,87 /100,GAME,2019-03-29
161,Guild Wars 2: Heart of Thorns,Ncsoft,30€,15.29€,-49%, 5 julio 2015,88 /100,GAME,2019-03-29
162,Batman: Arkham Knight,Steam,20€,3.74€,-81%,23 junio 2015,84 /100,GAME,2019-03-29
163,Car Mechanic Simulator 2018,Steam,20€,8.57€,-57%,28 julio 2017,76 /100,GAME,2019-03-29
164,Diablo III (Europe),Battle.net,20€,9.09€,-55%,15 mayo 2012,89 /100,GAME,2019-03-29
165,Forza Motorsport 7 (PC / Xbox ONE),Xbox Play Anywhere,50€,25.99€,-48%, 3 octubre 2017,69 /100,GAME,2019-03-29
166,Office Professional Plus 2016,Software,400€,28.98€,-93%,22 septiembre 2017,84 /100,GAME,2019-03-29
167,The Elder Scrolls V: Skyrim (Europe),Steam,15€,5.26€,-65%,11 noviembre 2011,94 /100,GAME,2019-03-29
168,Grand Theft Auto Online: Whale Shark Cash Card,Rockstar,38€,24.26€,-36%,14 abril 2015,87 /100,DLC,2019-03-29
169,HearthStone: Heroes of WarCraft 5x Booster Pack,Battle.net,7€,1.01€,-85%,12 marzo 2014,87 /100,DLC,2019-03-29
170,Hearts of Iron: Man The Guns,Steam,20€,9.77€,-51%,28 febrero 2019,100 /100,DLC,2019-03-29
171,For Honor (Europe),Uplay,30€,10.49€,-65%,14 febrero 2017,78 /100,GAME,2019-03-29
172,Final Fantasy XIV Online Complete Edition (Europe),Official Website,40€,21.64€,-46%,20 junio 2017,90 /100,GAME,2019-03-29
173,DiRT 3 Complete Edition,Steam,20€,1.01€,-95%,24 mayo 2011,89 /100,GAME,2019-03-29
174,Tarjeta Nintendo eShop 25€ (Europe),Nintendo,25€,23.99€,-4%,N/A,98 /100,GAME,2019-03-29
175,Euro Truck Simulator 2: Going East,Steam,10€,3.40€,-66%,19 septiembre 2013,95 /100,DLC,2019-03-29
176,Hitman 2 Gold Edition,Steam,90€,26.49€,-71%,13 noviembre 2018,86 /100,GAME,2019-03-29
177,F1 2015,Steam,35€,1.23€,-96%,10 julio 2015,74 /100,GAME,2019-03-29
178,Super Smash Bros. Ultimate Switch (Europe),Nintendo,70€,54.99€,-21%, 7 diciembre 2018,90 /100,GAME,2019-03-29
179,Call of Duty: World War II (Europe),Steam,60€,14.98€,-75%, 3 noviembre 2017,68 /100,GAME,2019-03-29
180,Final Fantasy XV Windows Edition,Steam,50€,18.99€,-62%, 6 marzo 2018,84 /100,GAME,2019-03-29
181,New Super Mario Bros. U Deluxe Switch (Europe),Nintendo,60€,47.99€,-20%,11 enero 2019,90 /100,GAME,2019-03-29
182,Euro Truck Simulator 2: Special Transport,Steam,5€,3.99€,-20%,13 diciembre 2017,? /100,DLC,2019-03-29
183,Devil May Cry 5 Deluxe Edition,Steam,71€,47.75€,-33%, 8 marzo 2019,90 /100,GAME,2019-03-29
184,Wolfenstein: The New Order,Steam,20€,3.60€,-82%,19 mayo 2014,90 /100,GAME,2019-03-29
185,World of Warcraft: Battle Chest (Europe),Battle.net,15€,8.39€,-44%, 2 octubre 2007,92 /100,GAME,2019-03-29
186,Wizard Of Legend,Steam,16€,4.36€,-73%,15 mayo 2018,80 /100,GAME,2019-03-29
187,Tropico 5 Complete Collection,Steam,40€,7.49€,-81%,N/A,84 /100,GAME,2019-03-29
188,XCOM 2 (Europe),Steam,50€,8.76€,-82%, 4 febrero 2016,89 /100,GAME,2019-03-29
189,Need for Speed,Origin,40€,8.59€,-79%,17 marzo 2016,70 /100,GAME,2019-03-29
190,Kerbal Space Program,Steam,40€,8.43€,-79%,27 abril 2015,94 /100,GAME,2019-03-29
191,Fallout 76 Xbox ONE,Xbox,70€,17.99€,-74%,14 noviembre 2018,55 /100,GAME,2019-03-29
192,Outlast,STEAM,17€,2.36€,-86%, 4 septiembre 2013,94 /100,GAME,2019-03-29
193,Assassin's Creed IV: Black Flag (Europe),Uplay,20€,4.33€,-78%,29 octubre 2013,86 /100,GAME,2019-03-29
194,Gauntlet,Steam,20€,1.79€,-91%,23 septiembre 2014,84 /100,GAME,2019-03-29
195,Pro Evolution Soccer 2019 (Europe),Steam,50€,13.20€,-74%,30 agosto 2018,66 /100,GAME,2019-03-29
196,Grand Theft Auto Online: Megalodon Shark Cash Card,Rockstar,75€,44.98€,-40%,14 abril 2015,87 /100,DLC,2019-03-29
197,Mario Kart 8 Deluxe Switch (Europe),Nintendo,60€,47.99€,-20%,28 abril 2017,98 /100,GAME,2019-03-29
198,Borderlands: The Pre-Sequel: Season Pass,Steam,30€,6.69€,-78%,30 septiembre 2014,85 /100,DLC,2019-03-29
199,Spintires,Steam,10€,2.57€,-74%,12 junio 2014,83 /100,GAME,2019-03-29
200,Mortal Kombat 11 (Beta Access) Xbox ONE,Xbox,,2.49€,N/A,28 marzo 2019,? /100,DLC,2019-03-29
201,Killing Floor 2 Digital Deluxe Edition,Steam,37€,4.88€,-87%,18 noviembre 2016,88 /100,GAME,2019-03-29
202,Crusader Kings II,Steam,40€,2.22€,-94%,14 febrero 2012,91 /100,GAME,2019-03-29
203,Worms Revolution,Steam,15€,1.35€,-91%,10 octubre 2012,87 /100,GAME,2019-03-29
204,The Crew 2 (Europe),Uplay,60€,16.19€,-73%,29 junio 2018,76 /100,GAME,2019-03-29
205,Project Cars 2,Steam,60€,11.68€,-81%,22 septiembre 2017,78 /100,GAME,2019-03-29
206,My Time At Portia,Steam,30€,17.49€,-42%,15 enero 2019,94 /100,GAME,2019-03-29
207,Need for Speed: Payback,Origin,60€,13.80€,-77%,10 noviembre 2017,76 /100,GAME,2019-03-29
208,Grand Theft Auto Online: Megalodon Shark Cash Card Xbox ONE,Xbox,75€,49.90€,-33%,14 abril 2015,82 /100,DLC,2019-03-29
209,FIFA 19: 2200 FUT Points Xbox ONE,Xbox,20€,17.99€,-10%,28 septiembre 2018,62 /100,DLC,2019-03-29
210,Overcooked! 2,Steam,23€,12.73€,-45%, 7 agosto 2018,90 /100,GAME,2019-03-29
211,Killing Floor 2,Steam,28€,3.74€,-87%,21 abril 2015,88 /100,GAME,2019-03-29
212,Simcity (Europe),Origin,62€,6.31€,-90%, 7 marzo 2013,78 /100,GAME,2019-03-29
213,Fortnite Scorpion Skin + 1000 V-Bucks PS4 (Europe),Playstation,20€,17.99€,-10%,16 octubre 2018,74 /100,GAME,2019-03-29
214,Los Sims 3 : ¡Vaya Fauna! (Europe),Official Website,40€,3.73€,-91%,20 octubre 2011,80 /100,DLC,2019-03-29
215,Total War: Warhammer II Curse Of The Vampire Coast (Europe),Steam,17€,13.27€,-24%, 8 noviembre 2018,90 /100,DLC,2019-03-29
216,Star Wars: The Old Republic 60 days,Official Website,27€,23.16€,-14%,20 diciembre 2011,90 /100,DLC,2019-03-29
217,American Truck Simulator,Steam,20€,3.97€,-80%, 2 febrero 2016,89 /100,GAME,2019-03-29
218,Fallout 3: GOTY Edition,Steam,20€,3.80€,-81%,13 octubre 2009,86 /100,GAME,2019-03-29
219,The Division 2 Ultimate Edition (Europe),Uplay,120€,89.98€,-25%,12 marzo 2019,80 /100,GAME,2019-03-29
220,Forza Horizon 4 Fortune Island (PC / Xbox ONE),Xbox Play Anywhere,20€,17.99€,-10%,13 diciembre 2018,? /100,DLC,2019-03-29
221,Dark Souls 3: Season Pass,Steam,25€,10.74€,-57%,12 abril 2016,94 /100,DLC,2019-03-29
222,The Elder Scrolls Online: Summerset,Official Website,20€,9.57€,-52%,21 mayo 2018,67 /100,DLC,2019-03-29
223,Anno 1800 (Europe),Uplay,60€,43.98€,-27%,16 abril 2019,? /100,GAME,2019-03-29
224,Grand Theft Auto Online: Great White Shark Cash Card PS4 (Europe),Playstation,15€,10.99€,-27%,14 abril 2015,90 /100,DLC,2019-03-29
225,Scribblenauts Unlimited,Steam,20€,2.10€,-89%,15 febrero 2013,90 /100,GAME,2019-03-29
226,Cities: Skylines Platinum Edition,Steam,60€,15.19€,-75%,24 mayo 2018,88 /100,GAME,2019-03-29
227,Darkest Dungeon,Steam,23€,6.99€,-70%,19 enero 2016,91 /100,GAME,2019-03-29
228,The Witcher 2: Assassins of Kings Enhanced Edition,GOG.com,20€,1.86€,-91%,17 mayo 2011,73 /100,GAME,2019-03-29
229,Prey,Steam,30€,6.94€,-77%, 5 mayo 2017,83 /100,GAME,2019-03-29
230,Dying Light,Steam,30€,10.06€,-66%,27 enero 2015,90 /100,GAME,2019-03-29
231,Stellaris: MegaCorp,Steam,20€,9.68€,-52%, 6 diciembre 2018,93 /100,DLC,2019-03-29
232,Jalopy,Steam,12€,4.28€,-66%,22 septiembre 2017,70 /100,GAME,2019-03-29
233,Total War: Rome II Emperor Edition (Europe),Steam,55€,10.31€,-81%, 3 septiembre 2013,90 /100,GAME,2019-03-29
234,Insurgency,Steam,10€,1.19€,-88%,22 enero 2014,85 /100,GAME,2019-03-29
235,Xbox Live Gold 48h Membership (Only New Accounts),Xbox,3€,1.49€,-50%,N/A,96 /100,GAME,2019-03-29
236,Hunt Showdown,Steam,30€,19.98€,-33%,22 febrero 2018,86 /100,GAME,2019-03-29
237,Wolfenstein II: The New Colossus,Steam,60€,12.10€,-80%,27 octubre 2017,85 /100,GAME,2019-03-29
238,Los Sims 3: y las Cuatro Estaciones (Europe),Official Website,40€,3.67€,-91%,16 noviembre 2012,88 /100,DLC,2019-03-29
239,Planet Coaster,Steam,38€,20.50€,-46%,30 mayo 2017,88 /100,GAME,2019-03-29
240,The Legend of Zelda: Breath of the Wild Expansion Pass Switch (Europe),Nintendo,20€,16.99€,-15%, 3 marzo 2017,98 /100,DLC,2019-03-29
241,The Sims 4: Bundle Pack 5,Origin,40€,18.87€,-53%,22 junio 2017,94 /100,DLC,2019-03-29
242,The Sims 4: Bundle Pack 6,Origin,30€,17.96€,-40%,16 marzo 2018,92 /100,DLC,2019-03-29
243,Far Cry 4 (Europe),Uplay,30€,9.02€,-70%,18 noviembre 2014,84 /100,GAME,2019-03-29
244,The Elder Scrolls Online,Official Website,60€,12.96€,-78%, 6 junio 2017,79 /100,GAME,2019-03-29
245,Counter-Strike: Global Offensive Prime Status Upgrade (Europe),Steam,13€,12.89€,-3%,21 agosto 2012,88 /100,GAME,2019-03-29
246,Mass Effect Trilogy,Origin,40€,6.12€,-85%, 8 noviembre 2012,94 /100,GAME,2019-03-29
247,Lego Lord of the Rings,Steam,20€,1.01€,-95%,27 noviembre 2012,91 /100,GAME,2019-03-29
248,Tricky Towers,Steam,15€,5.82€,-61%, 2 agosto 2016,95 /100,GAME,2019-03-29
249,Crash Bandicoot: N. Sane Trilogy (Europe),Steam,40€,14.48€,-64%,29 junio 2018,94 /100,GAME,2019-03-29
250,Naruto Shippuden: Ultimate Ninja Storm 4,Steam,30€,11.99€,-60%, 5 febrero 2016,82 /100,GAME,2019-03-29
251,Diablo III: Reaper of Souls (Europe),Battle.net,20€,9.78€,-51%,25 marzo 2014,89 /100,DLC,2019-03-29
252,Los Sims 3: Movida en la facultad,Official Website,40€,4.14€,-90%, 7 marzo 2013,84 /100,DLC,2019-03-29
253,Cities: Skylines - Industries,Steam,15€,10.35€,-31%,23 octubre 2018,91 /100,DLC,2019-03-29
254,Dead Cells,Steam,25€,14.79€,-41%,10 mayo 2017,91 /100,GAME,2019-03-29
255,Kingdom Come: Deliverance From the Ashes,Steam,10€,3.74€,-63%, 5 julio 2018,75 /100,DLC,2019-03-29
256,Plants vs. Zombies: Garden Warfare 2,Origin,60€,8.57€,-86%,25 febrero 2016,85 /100,GAME,2019-03-29
257,Assassin's Creed: Syndicate (Europe),Uplay,40€,7.98€,-80%,19 noviembre 2015,80 /100,GAME,2019-03-29
258,Apex Legends: 2150 Apex Coins,Origin,20€,18.98€,-5%, 4 febrero 2019,? /100,DLC,2019-03-29
259,Europa Universalis IV (Europe),Steam,40€,6.45€,-84%,13 agosto 2013,85 /100,GAME,2019-03-29
260,Batman: Arkham Origins ,Steam,20€,1.57€,-92%,25 octubre 2013,87 /100,GAME,2019-03-29
261,Overcooked,Steam,16€,3.59€,-78%, 3 agosto 2016,87 /100,GAME,2019-03-29
262,Mad Max,Steam,20€,3.35€,-83%, 1 septiembre 2015,85 /100,GAME,2019-03-29
263,Motorsport Manager,Steam,35€,6.68€,-81%,10 noviembre 2016,86 /100,GAME,2019-03-29
264,Bioshock: The Collection (Europe),Steam,60€,9.72€,-84%,13 septiembre 2016,98 /100,GAME,2019-03-29
265,Call of Duty: Ghosts (Europe),Steam,60€,4.19€,-93%,25 marzo 2014,71 /100,GAME,2019-03-29
266,PlayStation Plus - Suscripción 365 días (España) (ES),Playstation,60€,47.99€,-20%,N/A,97 /100,GAME,2019-03-29
267,Super Dragon Ball Heroes World Mission,Steam,50€,35.98€,-28%, 4 abril 2019,? /100,GAME,2019-03-29
268,Super Mario Party Switch (Europe),Nintendo,60€,47.99€,-20%, 5 octubre 2018,93 /100,GAME,2019-03-29
269,Escape from Tarkov (Beta) (Europe),Official Website,44€,38.98€,-11%,22 diciembre 2017,71 /100,GAME,2019-03-29
270,Battlefield 3: Premium (juego incluido + all DLC),Origin,49€,7.40€,-85%,27 octubre 2011,90 /100,GAME,2019-03-29
271,Ori and the Blind Forest Definitive Edition,Steam,20€,6.90€,-65%,10 junio 2016,92 /100,GAME,2019-03-29
272,Dead By Daylight Deluxe,Steam,20€,10.99€,-45%,14 junio 2016,83 /100,GAME,2019-03-29
273,Call of Duty 4: Modern Warfare,Steam,20€,7.10€,-64%,12 noviembre 2007,91 /100,GAME,2019-03-29
274,Rising Storm 2: Vietnam,Steam,23€,3.46€,-85%,30 mayo 2017,81 /100,GAME,2019-03-29
275,The Sims 4: Vampiros,Origin,20€,14.34€,-28%,24 enero 2017,90 /100,DLC,2019-03-29
276,Fallout 4,Steam,30€,7.51€,-75%,10 noviembre 2015,88 /100,GAME,2019-03-29
277,DiRT Rally,Steam,35€,4.64€,-87%, 7 diciembre 2015,88 /100,GAME,2019-03-29
278,Mutant Year Zero: Road to Eden,Steam,35€,9.92€,-72%, 4 diciembre 2018,? /100,GAME,2019-03-29
279,Euro Truck Simulator 2 Cargo Collection,Steam,10€,6.45€,-35%, 9 febrero 2018,93 /100,DLC,2019-03-29
280,The Sims 4: Bundle Pack 4,Origin,40€,17.89€,-55%,17 febrero 2017,92 /100,DLC,2019-03-29
281,Mass Effect Andromeda,Origin,60€,7.62€,-87%,23 marzo 2017,81 /100,GAME,2019-03-29
282,Stardew Valley Switch (Europe),Nintendo,14€,12.99€,-7%, 5 octubre 2017,93 /100,GAME,2019-03-29
283,ARK: Aberration - Expansion Pack,Steam,20€,7.26€,-64%,12 diciembre 2017,100 /100,DLC,2019-03-29
284,Zoo Tycoon: Ultimate Animal Collection,Steam,17€,10.99€,-35%,14 septiembre 2018,63 /100,GAME,2019-03-29
285,Batman: Arkham City GOTY,Steam,20€,1.99€,-90%,20 octubre 2011,89 /100,GAME,2019-03-29
286,Kerbal Space Program: Making History Expansion,Steam,15€,5.71€,-62%,13 marzo 2018,100 /100,DLC,2019-03-29
287,Fallout: New Vegas Ultimate Edition (Europe),Steam,20€,5.68€,-72%, 9 febrero 2012,92 /100,GAME,2019-03-29
288,The Sims 4: Bundle Pack 3,Origin,40€,21.27€,-47%, 7 junio 2016,92 /100,DLC,2019-03-29
289,The Elder Scrolls IV: Oblivion GOTY Deluxe Edition,Steam,20€,5.99€,-70%,16 junio 2009,90 /100,GAME,2019-03-29
290,Far Cry 5 Xbox ONE,Xbox,60€,23.87€,-60%,27 marzo 2018,76 /100,GAME,2019-03-29
291,Los Sims 3: Aventura en la Isla,Official Website,41€,4.11€,-90%,27 junio 2013,70 /100,DLC,2019-03-29
292,Kingdom Come: Deliverance The Amorous Adventures of Bold Sir Hans Capon,Steam,10€,5.47€,-45%,16 octubre 2018,45 /100,DLC,2019-03-29
293,Subscripción Xbox Live Gold 6 Meses,Xbox,40€,23.99€,-40%,N/A,97 /100,GAME,2019-03-29
294,Los Sims 3: Criaturas Sobrenaturales l,Official Website,39€,4.03€,-90%, 6 septiembre 2012,87 /100,DLC,2019-03-29
295,Just Cause 3,Steam,20€,3.29€,-84%, 1 diciembre 2015,79 /100,GAME,2019-03-29
296,Hearts of Iron IV: Waking the Tiger,Steam,20€,7.99€,-60%, 8 marzo 2018,97 /100,DLC,2019-03-29
297,Tekken 7,Steam,40€,15.24€,-62%, 2 junio 2017,87 /100,GAME,2019-03-29
298,Mortal Kombat 11 Premium Edition,Steam,90€,69.49€,-23%,23 abril 2019,? /100,GAME,2019-03-29
299,Tom Clancy's Rainbow Six Siege Xbox ONE,Xbox,40€,19.99€,-50%, 1 diciembre 2015,86 /100,GAME,2019-03-29
300,Sniper Elite 4,Steam,60€,14.32€,-76%,14 febrero 2017,84 /100,GAME,2019-03-29
301,Spore,Origin,15€,3.47€,-77%,19 diciembre 2008,77 /100,GAME,2019-03-29
302,Tower Unite,Steam,14€,3.80€,-73%, 8 abril 2016,? /100,GAME,2019-03-29
303,Diablo III Battle Chest,Battle.net,30€,18.99€,-37%,22 noviembre 2016,89 /100,GAME,2019-03-29
304,Ride 3,Steam,50€,23.49€,-53%,30 noviembre 2018,86 /100,GAME,2019-03-29
305,The Elder Scrolls III: Morrowind GOTY,Steam,15€,3.60€,-76%,29 abril 2002,82 /100,GAME,2019-03-29
306,Darkest Dungeon: The Color Of Madness,Steam,5€,3.79€,-24%,19 junio 2018,90 /100,DLC,2019-03-29
307,The Sims 4: Spa Day,Origin,20€,11.10€,-44%,14 julio 2015,95 /100,DLC,2019-03-29
308,Just Cause 4,Steam,60€,20.98€,-65%, 4 diciembre 2018,49 /100,GAME,2019-03-29
309,Cities: Skylines - Mass Transit,Steam,13€,5.76€,-56%,18 mayo 2017,92 /100,DLC,2019-03-29
310,Outlast Whistleblower,Steam,7€,1.01€,-86%, 6 mayo 2014,100 /100,DLC,2019-03-29
311,NBA 2K19 Xbox ONE,Xbox,60€,22.78€,-62%,11 septiembre 2018,69 /100,GAME,2019-03-29
312,American Truck Simulator: Oregon,Steam,12€,5.86€,-51%, 4 octubre 2018,87 /100,DLC,2019-03-29
313,XCOM 2: War of the Chosen (Europe),Steam,40€,14.69€,-63%,29 agosto 2017,95 /100,DLC,2019-03-29
314,Star Wars The Force Unleashed: Ultimate Sith Edition,Steam,17€,2.80€,-83%, 3 noviembre 2009,86 /100,GAME,2019-03-29
315,Total War: Shogun 2 Collection,Steam,45€,7.21€,-84%,2012,84 /100,GAME,2019-03-29
316,Total War: Warhammer II - Rise Of The Tomb King (Europe),Steam,17€,13.28€,-24%,23 enero 2018,? /100,DLC,2019-03-29
317,Dragon Ball Xenoverse 2,Steam,50€,17.92€,-64%,28 octubre 2016,82 /100,GAME,2019-03-29
318,Total War: Warhammer II - The Queen and The Crone (Europe),Steam,7€,5.25€,-30%,31 mayo 2018,? /100,DLC,2019-03-29
319,Pathfinder: Kingmaker Explorer Edition (Europe),Steam,40€,19.59€,-51%,25 septiembre 2018,80 /100,GAME,2019-03-29
320,Final Fantasy X-X2 HD Remastered,Steam,25€,8.79€,-65%,12 mayo 2016,91 /100,GAME,2019-03-29
321,Prison Architect,Steam,25€,9.49€,-62%, 6 octubre 2015,93 /100,GAME,2019-03-29
322,ARK: Scorched Earth - Expansion Pack,Steam,20€,5.42€,-73%, 1 septiembre 2016,? /100,DLC,2019-03-29
323,Assassin's Creed: Unity,Uplay,30€,9.45€,-68%,13 noviembre 2014,79 /100,GAME,2019-03-29
324,Los Sims 3: ¡Menuda Familia! (Europe),Official Website,40€,3.41€,-91%, 3 junio 2011,89 /100,DLC,2019-03-29
325,ARK: Extinction Expansion Pack,Steam,17€,14.49€,-14%, 6 noviembre 2018,? /100,DLC,2019-03-29
326,Kingdom Come Deliverance: Treasures of The Past,Steam,5€,2.20€,-56%,11 abril 2018,50 /100,DLC,2019-03-29
327,A Way Out,Origin,30€,15.49€,-48%,23 marzo 2018,86 /100,GAME,2019-03-29
328,DiRT 4,Steam,55€,7.79€,-86%, 9 junio 2017,76 /100,GAME,2019-03-29
329,RollerCoaster Tycoon 3: Platinum,Steam,20€,4.78€,-76%,26 octubre 2006,96 /100,GAME,2019-03-29
330,Superhot,Steam,23€,3.46€,-85%,25 febrero 2016,83 /100,GAME,2019-03-29
331,Worms Ultimate Mayhem,Steam,13€,1.81€,-86%,28 septiembre 2011,83 /100,GAME,2019-03-29
332,Mortal Kombat 11,Steam,60€,43.59€,-27%,23 abril 2019,? /100,GAME,2019-03-29
333,Shadow of the Tomb Raider Croft Edition,Steam,89€,35.98€,-60%,12 septiembre 2018,90 /100,GAME,2019-03-29
334,Call of Duty: Infinite Warfare (Europe),Steam,60€,4.37€,-93%, 4 noviembre 2016,65 /100,GAME,2019-03-29
335,Metal Gear Solid V: The Phantom Pain,Steam,30€,5.64€,-81%, 1 septiembre 2015,88 /100,GAME,2019-03-29
336,Dragon Quest XI: Echoes of an Elusive Age,Steam,60€,28.89€,-52%, 4 septiembre 2018,94 /100,GAME,2019-03-29
337,Cuphead,Steam,20€,13.49€,-33%,29 septiembre 2017,92 /100,GAME,2019-03-29
338,Stellaris: Synthetic Dawn,Steam,10€,4.54€,-55%,21 septiembre 2017,94 /100,DLC,2019-03-29
339,Dungeons III (Europe),Steam,45€,4.39€,-90%,13 octubre 2017,86 /100,GAME,2019-03-29
340,Stellaris: Utopia,Steam,20€,8.38€,-58%, 6 abril 2017,94 /100,DLC,2019-03-29
341,Grand Theft Auto IV,Steam,20€,6.49€,-68%, 2 diciembre 2008,76 /100,GAME,2019-03-29
342,Final Fantasy XIV: A Realm Reborn 60-day time card (Europe),Official Website,26€,23.98€,-8%,27 agosto 2013,94 /100,DLC,2019-03-29
343,Grand Theft Auto Online: Great White Shark Cash Card Xbox ONE,Xbox,15€,11.99€,-20%,14 abril 2015,90 /100,DLC,2019-03-29
344,Warhammer: Vermintide 2 - Collector's Edition,Steam,42€,12.49€,-70%, 8 marzo 2018,87 /100,GAME,2019-03-29
345,Mafia III (Europe),Steam,40€,6.99€,-83%, 7 octubre 2016,65 /100,GAME,2019-03-29
346,Street Fighter V,Steam,20€,8.89€,-56%,16 febrero 2016,70 /100,GAME,2019-03-29
347,Hitman 2 Silver Edition,Steam,80€,17.96€,-78%,13 noviembre 2018,86 /100,GAME,2019-03-29
348,Forza Horizon 4 Ultimate Edition (PC / Xbox One),Xbox Play Anywhere,100€,84.89€,-15%, 2 octubre 2018,89 /100,GAME,2019-03-29
349,Dead by Daylight - the Saw Chapter,Steam,7€,5.70€,-18%,23 enero 2018,80 /100,DLC,2019-03-29
350,The Surge,Steam,50€,4.25€,-91%,16 mayo 2017,87 /100,GAME,2019-03-29
351,Lego The Hobbit,Steam,20€,1.01€,-95%,11 abril 2014,85 /100,GAME,2019-03-29
352,Star Wars Battlefront II (2005),Steam,8€,3.80€,-54%, 1 noviembre 2005,89 /100,GAME,2019-03-29
353,Los Sims 3: Al caer la noche,Official Website,34€,3.94€,-88%,28 octubre 2010,85 /100,DLC,2019-03-29
354,Civilization VI Gold Edition (Europe),Steam,100€,30.96€,-69%,21 octubre 2016,86 /100,GAME,2019-03-29
355,Tarjeta PlayStation Network 15€ (España) (ES),Playstation,15€,13.60€,-9%,N/A,96 /100,GAME,2019-03-29
356,Fortnite Deep Freeze Bundle PS4 (Europe),Playstation,30€,15.99€,-47%,16 noviembre 2018,86 /100,GAME,2019-03-29
357,Star Wars: The Old Republic: 2400 Cartel Point (Europe),Official Website,17€,14.49€,-15%,20 diciembre 2011,86 /100,DLC,2019-03-29
358,Arma 3: Apex,Steam,30€,17.93€,-40%,11 julio 2016,91 /100,DLC,2019-03-29
359,Metal Gear Solid V: The Definitive Experience,Steam,30€,7.75€,-74%,13 octubre 2016,90 /100,GAME,2019-03-29
360,Project Cars 2 Deluxe Edition,Steam,90€,23.49€,-74%,21 septiembre 2017,78 /100,GAME,2019-03-29
361,Apex Legends: 1000 Apex Coins,Origin,10€,9.50€,-5%, 4 febrero 2019,? /100,DLC,2019-03-29
362,Nintendo Membership 3 Month (Individual) (Europe),Nintendo,8€,6.99€,-13%,19 septiembre 2018,88 /100,GAME,2019-03-29
363,Super Mario Odyssey Switch (Europe),Nintendo,60€,47.99€,-20%,27 octubre 2017,80 /100,GAME,2019-03-29
364,Euro Truck Simulator 2: Heavy Cargo Pack,Steam,5€,4.92€,-1%,12 mayo 2017,89 /100,DLC,2019-03-29
365,Bus Simulator 18 (Europe),Steam,30€,24.71€,-18%,13 junio 2018,61 /100,GAME,2019-03-29
366,Los Sims 4: Aventura en la Selva,Origin,20€,13.13€,-34%,27 febrero 2018,90 /100,DLC,2019-03-29
367,Rage 2 (Europe),Official Website,55€,36.89€,-33%,14 mayo 2019,? /100,GAME,2019-03-29
368,Ghost Recon: Wildlands Xbox ONE,Xbox,50€,19.99€,-60%, 6 marzo 2017,83 /100,GAME,2019-03-29
369,Super Smash Bros. Ultimate Fighter Pass Switch (Europe),Nintendo,25€,20.99€,-16%, 7 diciembre 2018,80 /100,DLC,2019-03-29
370,Xbox Game Pass 12 Months Xbox ONE,Xbox,120€,69.99€,-42%,22 noviembre 2016,99 /100,GAME,2019-03-29
371,Assetto Corsa Competizione,Steam,45€,29.95€,-33%,12 septiembre 2018,74 /100,GAME,2019-03-29
372,Stellaris: Apocalypse,Steam,20€,8.52€,-57%,22 febrero 2018,58 /100,DLC,2019-03-29
373,Dark Souls 1 Remastered,Steam,40€,31.89€,-20%,23 mayo 2018,85 /100,GAME,2019-03-29
374,Beholder,Steam,10€,1.64€,-84%, 9 noviembre 2016,82 /100,GAME,2019-03-29
375,Company of Heroes 2,Steam,20€,3.33€,-83%,25 junio 2013,87 /100,GAME,2019-03-29
376,Tourist Bus Simulator,Steam,30€,19.98€,-33%, 6 diciembre 2018,63 /100,GAME,2019-03-29
377,Arma 3: Helicopters,Steam,10€,1.11€,-89%, 4 noviembre 2014,100 /100,DLC,2019-03-29
378,Stellaris: Distant Stars Story Pack,Steam,10€,4.93€,-51%,22 mayo 2018,? /100,DLC,2019-03-29
379,Sniper Elite III: Afrika,Steam,28€,4.50€,-84%,27 junio 2014,84 /100,GAME,2019-03-29
380,Minecraft Xbox ONE,Xbox,24€,13.89€,-42%,19 noviembre 2011,89 /100,GAME,2019-03-29
381,Middle-Earth: Shadow of War (Europe),Steam,40€,7.90€,-80%, 9 octubre 2017,84 /100,GAME,2019-03-29
382,FIFA 17,Origin,60€,6.66€,-89%,29 septiembre 2016,82 /100,GAME,2019-03-29
383,Rise of the Tomb Raider 20th Anniversary,Steam,50€,8.98€,-82%,11 octubre 2016,89 /100,GAME,2019-03-29
384,Resident Evil 7 (Europe),Steam,30€,7.07€,-76%,24 enero 2017,88 /100,GAME,2019-03-29
385,Dying Light: The Following,Steam,20€,6.49€,-68%, 9 febrero 2016,88 /100,DLC,2019-03-29
386,Warhammer 40.000: Dawn of War III,Steam,40€,6.06€,-85%,27 abril 2017,69 /100,GAME,2019-03-29
387,Life is Strange: Complete Season (Europe),Steam,20€,3.94€,-80%,29 enero 2015,95 /100,GAME,2019-03-29
388,Warhammer: Vermintide 2 - Shadows Over Bögenhafen,Steam,8€,5.81€,-27%,28 agosto 2018,? /100,DLC,2019-03-29
389,State of Decay Year One Survival Edition,Steam,28€,4.57€,-84%,12 agosto 2016,80 /100,GAME,2019-03-29
390,Los Sims 3: Trotamundos (Europe),Official Website,32€,3.98€,-88%,19 noviembre 2009,84 /100,DLC,2019-03-29
391,Wreckfest,Steam,45€,24.49€,-46%,14 junio 2018,88 /100,GAME,2019-03-29
392,The Evil Within (Europe),Steam,20€,3.69€,-82%,14 octubre 2014,84 /100,GAME,2019-03-29
393,Hollow Knight Switch (Europe),Nintendo,15€,12.99€,-13%,12 junio 2018,96 /100,GAME,2019-03-29
394,Watch Dogs,Uplay,30€,3.27€,-89%,27 mayo 2014,78 /100,GAME,2019-03-29
395,Cities: Skylines - Green Cities,Steam,13€,5.29€,-59%,19 octubre 2017,86 /100,DLC,2019-03-29
396,Portal Knights,Steam,20€,6.28€,-69%,25 febrero 2016,82 /100,GAME,2019-03-29
397,Grand Theft Auto Online: Bull Shark Cash Card,Rockstar,7€,5.53€,-26%,14 abril 2015,87 /100,DLC,2019-03-29
398,Far Cry Primal,Uplay,50€,8.99€,-82%, 1 marzo 2016,82 /100,GAME,2019-03-29
399,NBA 2K19: 200.000 VC Xbox ONE,Xbox,50€,34.99€,-30%,11 septiembre 2018,? /100,DLC,2019-03-29
400,Grand Theft Auto IV: Complete Edition (Europe),Steam,30€,7.21€,-76%,27 octubre 2010,76 /100,GAME,2019-03-29
401,Grand Theft Auto: San Andreas,Steam,10€,6.78€,-32%, 6 junio 2005,85 /100,GAME,2019-03-29
402,Darkest Dungeon: The Shieldbreaker,Steam,4€,2.71€,-32%,26 octubre 2017,? /100,DLC,2019-03-29
403,Los Sims 4: Papás y Mamás,Origin,20€,14.60€,-27%,30 agosto 2017,96 /100,DLC,2019-03-29
404,Hollow Knight,Steam,15€,9.88€,-34%,24 febrero 2017,96 /100,GAME,2019-03-29
405,Surviving Mars,Steam,30€,8.25€,-72%,15 marzo 2018,69 /100,GAME,2019-03-29
406,Saints Row IV (Europe),Steam,15€,3.29€,-78%,23 agosto 2013,86 /100,GAME,2019-03-29
407,Rocket League - Esper,Steam,2€,1.30€,-35%, 7 julio 2015,80 /100,DLC,2019-03-29
408,The Hunter: Call of the Wild 2019 Edition (Europe),Steam,40€,19.98€,-50%,16 octubre 2018,86 /100,GAME,2019-03-29
409,Alien: Isolation,Steam,37€,5.49€,-85%, 7 octubre 2014,87 /100,GAME,2019-03-29
410,American Truck Simulator Gold Edition,Steam,30€,6.84€,-77%, 9 noviembre 2017,89 /100,GAME,2019-03-29
411,Dishonored (Europe),Steam,10€,3.29€,-67%, 9 octubre 2012,91 /100,GAME,2019-03-29
412,Los Sims 3: Triunfadores (Europe),Official Website,35€,4.80€,-86%, 3 junio 2010,85 /100,DLC,2019-03-29
413,The Elder Scrolls IV: Oblivion GOTY,Steam,15€,3.45€,-77%,11 septiembre 2007,90 /100,GAME,2019-03-29
414,The Walking Dead,Steam,15€,2.70€,-82%,24 abril 2012,90 /100,GAME,2019-03-29
415,Playerunknown's Battlegrounds Xbox ONE,Xbox,30€,8.34€,-72%,21 diciembre 2017,83 /100,GAME,2019-03-29
416,Plague Inc: Evolved,Steam,15€,7.00€,-53%,18 febrero 2016,68 /100,GAME,2019-03-29
417,Dead Rising 4 (Europe),Steam,30€,6.24€,-79%,14 marzo 2017,68 /100,GAME,2019-03-29
418,Grand Theft Auto IV: Episodes from Liberty City,Steam,15€,2.94€,-80%,12 abril 2010,73 /100,GAME,2019-03-29
419,Slay the Spire,Steam,21€,17.04€,-19%,23 enero 2019,88 /100,GAME,2019-03-29
420,Hitman GOTY Edition,Steam,,11.16€,N/A,11 marzo 2016,79 /100,GAME,2019-03-29
421,Magicka 2,Steam,15€,2.51€,-83%,26 mayo 2015,85 /100,GAME,2019-03-29
422,Call of Duty: Black Ops Bundle,Steam,160€,21.61€,-86%,18 mayo 2018,100 /100,GAME,2019-03-29
423,Payday 2 Ultimate Edition,Steam,,13.99€,N/A, 8 junio 2017,88 /100,GAME,2019-03-29
424,LEGO Harry Potter: Years 1-4,Steam,20€,1.99€,-90%,29 junio 2010,83 /100,GAME,2019-03-29
425,Two Point Hospital: Pebberley Island (Europe),Steam,9€,7.98€,-11%,18 marzo 2019,? /100,DLC,2019-03-29
426,NBA 2K19: 450.000 VC Xbox ONE,Xbox,100€,64.99€,-35%,11 septiembre 2018,? /100,DLC,2019-03-29
427,Far Cry 3 (Europe),Uplay,20€,6.58€,-67%,28 noviembre 2012,88 /100,GAME,2019-03-29
428,This War of Mine,Steam,19€,3.08€,-84%,14 noviembre 2014,88 /100,GAME,2019-03-29
429,Soulcalibur VI,Steam,60€,24.49€,-59%,19 octubre 2018,87 /100,GAME,2019-03-29
430,Simcity: Ciudades del Mañana,Origin,40€,3.32€,-92%,14 noviembre 2013,81 /100,DLC,2019-03-29
431,Steel Division: Normandy 44,Steam,40€,6.49€,-84%,23 mayo 2017,90 /100,GAME,2019-03-29
432,Star Wars Empire at War: Gold Pack,Steam,17€,6.12€,-64%,16 febrero 2006,90 /100,GAME,2019-03-29
433,Battlefield 3,Origin,20€,5.80€,-71%,27 octubre 2011,90 /100,GAME,2019-03-29
434,The Elder Scrolls V: Skyrim VR,Steam,60€,23.82€,-60%, 2 abril 2018,94 /100,GAME,2019-03-29
435,State of Decay 2 (PC / Xbox One),Xbox Play Anywhere,30€,25.99€,-13%,22 mayo 2018,66 /100,GAME,2019-03-29
436,Torchlight 2,Steam,19€,5.38€,-72%,20 septiembre 2012,90 /100,GAME,2019-03-29
437,Assetto Corsa: Dream Pack 1,Steam,7€,3.99€,-43%,11 marzo 2015,? /100,DLC,2019-03-29
438,Goat Simulator,Steam,8€,1.41€,-83%, 1 abril 2014,81 /100,GAME,2019-03-29
439,Grid Autosport,Steam,40€,3.52€,-91%,27 junio 2014,79 /100,GAME,2019-03-29
440,Fortnite Deep Freeze Bundle Switch (Europe),Nintendo,30€,16.99€,-43%,16 noviembre 2018,86 /100,GAME,2019-03-29
441,Brutal Legend,Steam,15€,1.09€,-93%,26 febrero 2013,100 /100,GAME,2019-03-29
442,Darkest Dungeon: The Crimson Court,Steam,10€,5.74€,-43%,19 junio 2017,88 /100,DLC,2019-03-29
443,Dragon's Dogma: Dark Arisen (Europe),Steam,30€,6.46€,-78%,15 enero 2016,84 /100,GAME,2019-03-29
444,Middle-Earth: Shadow of Mordor GOTY,Steam,20€,4.02€,-80%,30 septiembre 2014,88 /100,GAME,2019-03-29
445,Gift Card 40€,Official Website,,40.00€,N/A,N/A,99 /100,GAME,2019-03-29
446,Just Cause 3 XXL Edition,Steam,29€,5.95€,-80%,30 noviembre 2015,79 /100,GAME,2019-03-29
447,Forza Horizon 4 Car Pass (PC / Xbox ONE),Xbox Play Anywhere,30€,24.99€,-17%,10 febrero 2018,? /100,DLC,2019-03-29
448,Minecraft Master Collection Xbox ONE,Xbox,50€,16.98€,-66%,16 abril 2018,89 /100,GAME,2019-03-29
449,Stellaris - Leviathans Story Pack,Steam,10€,3.71€,-63%,20 octubre 2016,83 /100,DLC,2019-03-29
450,StarCraft 2: Battle Chest 2.0,Battle.net,35€,13.98€,-60%,10 febrero 2015,92 /100,GAME,2019-03-29
451,Dead Island Definitive Edition,Steam,20€,8.46€,-58%,31 mayo 2016,82 /100,GAME,2019-03-29
452,The Sims 4: Bundle Pack 1,Origin,30€,18.04€,-40%,31 julio 2015,88 /100,DLC,2019-03-29
453,Construction Simulator 2015,Steam,15€,8.29€,-45%,18 noviembre 2014,69 /100,GAME,2019-03-29
454,Tarjeta regalo 10€,Official Website,,10.00€,N/A,N/A,99 /100,GAME,2019-03-29
455,Rock of Ages 2: Bigger & Boulder,Steam,15€,2.81€,-81%,28 agosto 2017,60 /100,GAME,2019-03-29
456,Rage,Steam,10€,3.35€,-66%, 3 octubre 2011,74 /100,GAME,2019-03-29
457,Cities: Skylines - Parklife,Steam,15€,7.79€,-48%,24 mayo 2018,50 /100,DLC,2019-03-29
458,The Sims 4: Mi Primera Mascota Pack de Accesorios,Origin,10€,9.00€,-10%,13 marzo 2018,70 /100,DLC,2019-03-29
459,Dragon Age: Inquisition GOTY Edition,Origin,30€,12.25€,-59%, 6 octubre 2015,86 /100,GAME,2019-03-29
460,The Hunter: Call of the Wild (Europe),Steam,20€,14.58€,-27%,16 febrero 2017,86 /100,GAME,2019-03-29
461,Football Manager 2018 (Europe),Steam,55€,8.19€,-85%,10 noviembre 2017,89 /100,GAME,2019-03-29
462,Devil May Cry 4: Special Edition,Steam,25€,13.74€,-45%,24 junio 2015,88 /100,GAME,2019-03-29
463,PlayStation Plus - Suscripción 90 días (España) (ES),Playstation,25€,19.99€,-20%,N/A,97 /100,GAME,2019-03-29
464,Metal Gear Solid V: Ground Zeroes,Steam,20€,1.77€,-91%,18 diciembre 2014,79 /100,GAME,2019-03-29
465,The Elder Scrolls Online Elsweyr - Collector’s Edition Upgrade,Official Website,50€,35.50€,-29%, 4 junio 2019,? /100,DLC,2019-03-29
466,Anthem Xbox ONE,Xbox,70€,49.99€,-29%,22 febrero 2019,65 /100,GAME,2019-03-29
467,Dragon Ball Xenoverse 2 Super Pass,Steam,25€,11.31€,-55%,27 octubre 2016,79 /100,DLC,2019-03-29
468,Mortal Kombat X Premium Edition,Steam,25€,4.62€,-81%,14 abril 2015,85 /100,GAME,2019-03-29
469,Cities: Skylines - Industries Plus,Steam,18€,11.08€,-38%,23 octubre 2018,91 /100,DLC,2019-03-29
470,Total War Warhammer Dark Gods Edition (Europe),Steam,30€,12.23€,-59%,27 septiembre 2018,10 /100,GAME,2019-03-29
471,The Division Gold Edition,Uplay,50€,47.96€,-4%, 7 marzo 2016,79 /100,GAME,2019-03-29
472,Los Sims 3: Hacia el Futuro,Official Website,40€,3.93€,-90%,24 octubre 2013,92 /100,DLC,2019-03-29
473,Sniper Elite v2,Steam,20€,2.04€,-90%, 4 mayo 2012,73 /100,GAME,2019-03-29
474,Saints Row IV: Game of the Century Edition,Steam,20€,5.52€,-72%,15 julio 2014,86 /100,GAME,2019-03-29
475,Hitman: The Complete First Season [Prologue + Episode 1-6 + Bonus Episode],Steam,50€,7.98€,-84%,11 marzo 2016,78 /100,GAME,2019-03-29
476,Apex Legends: 1000 Apex Coins Xbox ONE,Xbox,10€,8.99€,-10%, 4 febrero 2019,? /100,DLC,2019-03-29
477,Kenshi,Steam,27€,18.99€,-30%, 6 diciembre 2018,80 /100,GAME,2019-03-29
478,Europa Universalis IV Extreme Edition,Steam,45€,7.98€,-82%,13 agosto 2013,85 /100,GAME,2019-03-29
479,Hearts of Iron IV: Death or Dishonor,Steam,10€,4.39€,-56%,14 junio 2017,83 /100,DLC,2019-03-29
480,Hearts of Iron IV: Together for Victory,Steam,15€,5.13€,-66%,15 diciembre 2016,89 /100,DLC,2019-03-29
481,Cities: Skylines - Natural Disasters,Steam,15€,4.69€,-69%,29 noviembre 2016,90 /100,DLC,2019-03-29
482,Worms Clan Wars,Steam,23€,1.63€,-93%,15 agosto 2013,82 /100,GAME,2019-03-29
483,Ryse: Son of Rome,Steam,15€,4.49€,-70%,10 octubre 2014,75 /100,GAME,2019-03-29
484,Gift Card 20€,Official Website,,20.00€,N/A,N/A,99 /100,GAME,2019-03-29
485,PlayStation Plus - Suscripción 30 días (España) (ES),Playstation,8€,7.19€,-10%,N/A,97 /100,GAME,2019-03-29
486,FIFA 19: 12000 FUT Points PS4 (Spain) (ES),Playstation,100€,84.99€,-15%,28 septiembre 2018,? /100,DLC,2019-03-29
487,Darksiders 3,Steam,60€,26.19€,-56%,27 noviembre 2018,79 /100,GAME,2019-03-29
488,Assassin's Creed: Origins (Europe),Uplay,60€,20.05€,-67%,27 octubre 2017,87 /100,GAME,2019-03-29
489,Company of Heroes 2 (Platinum Edition),Steam,20€,7.14€,-64%, 4 marzo 2016,90 /100,GAME,2019-03-29
490,Homefront,Steam,20€,1.01€,-95%,15 marzo 2011,67 /100,GAME,2019-03-29
491,Stronghold Crusader 2,STEAM,30€,3.88€,-87%,22 septiembre 2014,78 /100,GAME,2019-03-29
492,Grand Theft Auto: The Trilogy,Steam,10€,6.89€,-31%, 7 enero 2011,100 /100,GAME,2019-03-29
493,Lego Worlds,Steam,30€,4.67€,-84%, 7 marzo 2017,81 /100,GAME,2019-03-29
494,Grand Theft Auto Online: Whale Shark Cash Card Xbox ONE,Xbox,38€,29.99€,-21%,14 abril 2015,95 /100,DLC,2019-03-29
495,The Sims 4: Bundle Pack 2,Origin,40€,17.69€,-56%,22 octubre 2015,92 /100,DLC,2019-03-29
496,Cities: Skylines - After Dark,Steam,15€,5.89€,-61%,24 septiembre 2015,85 /100,DLC,2019-03-29
497,Lego Star Wars: The Complete Saga,Steam,17€,6.90€,-59%,12 noviembre 2009,88 /100,GAME,2019-03-29
498,Elite: Dangerous,Steam,25€,15.37€,-38%, 2 abril 2015,96 /100,GAME,2019-03-29
499,Star Wars: Battlefront,Origin,60€,4.02€,-93%,19 noviembre 2015,76 /100,GAME,2019-03-29
500,Darkest Dungeon: Ancestral 2017 Edition,Steam,47€,14.49€,-69%,N/A,91 /100,GAME,2019-03-29
501,The Elder Scrolls Online: Tamriel Unlimited,Official Website,20€,12.98€,-35%, 4 abril 2014,79 /100,GAME,2019-03-29
502,WWE 2K19 (Europe),Steam,50€,15.69€,-69%, 9 octubre 2018,62 /100,GAME,2019-03-29
503,Red Dead Redemption 2 Xbox ONE,Xbox,70€,44.99€,-36%,26 octubre 2018,93 /100,GAME,2019-03-29
504,Injustice 2,Steam,50€,5.59€,-89%,14 noviembre 2017,87 /100,GAME,2019-03-29
505,Lethal League,Steam,12€,2.49€,-79%,27 agosto 2014,92 /100,GAME,2019-03-29
506,Total War: Rome II Spartan Edition,Steam,30€,13.71€,-54%, 3 septiembre 2013,90 /100,GAME,2019-03-29
507,"Pokémon: Let's Go, Pikachu! Switch (Europe)",Nintendo,60€,47.99€,-20%,16 noviembre 2018,83 /100,GAME,2019-03-29
508,Crysis Trilogy,Origin,40€,10.48€,-74%,12 febrero 2014,97 /100,GAME,2019-03-29
509,Xcom 2 Collection (Europe),Steam,92€,25.30€,-73%, 4 febrero 2016,? /100,GAME,2019-03-29
510,Sword Art Online: Fatal Bullet,Steam,40€,15.43€,-61%,23 febrero 2018,70 /100,GAME,2019-03-29
511,Crusader Kings II: The Old Gods (Europe),Steam,15€,1.52€,-90%,28 mayo 2013,97 /100,DLC,2019-03-29
512,Transport Fever,Steam,32€,14.32€,-55%, 8 noviembre 2016,70 /100,GAME,2019-03-29
513,Wolfenstein: The Old Blood,Steam,20€,3.67€,-82%, 4 mayo 2015,87 /100,GAME,2019-03-29
514,"Pokémon: Let's Go, Eevee! Switch (Europe)",Nintendo,60€,47.99€,-20%,16 noviembre 2018,83 /100,GAME,2019-03-29
515,NieR: Automata,Steam,40€,18.90€,-53%,17 marzo 2017,91 /100,GAME,2019-03-29
516,Pillars of Eternity II: Deadfire (Europe),Steam,46€,13.32€,-71%, 8 mayo 2018,88 /100,GAME,2019-03-29
517,Space Engineers Deluxe Edition,Steam,,12.47€,N/A,22 diciembre 2016,86 /100,GAME,2019-03-29
518,Final Fantasy XIV: Stormblood (Europe),Official Website,35€,19.00€,-46%,20 junio 2017,84 /100,DLC,2019-03-29
519,LEGO Harry Potter: Years 5-7,Steam,20€,1.99€,-90%, 5 enero 2012,83 /100,GAME,2019-03-29
520,Need for Speed: Hot Pursuit (Europe),Origin,15€,2.75€,-82%,16 octubre 2010,83 /100,GAME,2019-03-29
521,Crusader Kings II: Holy Fury,Steam,20€,10.57€,-47%,13 noviembre 2018,90 /100,DLC,2019-03-29
522,The Darkness II,Steam,30€,1.01€,-97%, 9 febrero 2012,80 /100,GAME,2019-03-29
523,Rocket League - Aftershock,Steam,2€,1.29€,-35%, 7 julio 2015,90 /100,DLC,2019-03-29
524,Arma 3: Anniversary Edition (Europe),Steam,60€,30.15€,-50%,15 noviembre 2017,87 /100,GAME,2019-03-29
525,Mount & Blade: Warband - Napoleonic Wars,Steam,10€,3.08€,-69%,19 abril 2012,97 /100,DLC,2019-03-29
526,Dirt Showdown,Steam,15€,1.01€,-93%,24 mayo 2012,86 /100,GAME,2019-03-29
527,Warhammer 40.000: Dawn of War Master Collection,Steam,30€,6.49€,-78%,2008,96 /100,GAME,2019-03-29
528,Grand Theft Auto Online: Red Shark Cash Card,Rockstar,3€,2.19€,-27%,14 abril 2015,87 /100,DLC,2019-03-29
529,Fallout 4: Season Pass,Steam,50€,12.34€,-75%,10 noviembre 2015,92 /100,DLC,2019-03-29
530,Spec Ops: The Line (Europe),Steam,20€,1.01€,-95%,29 junio 2012,82 /100,GAME,2019-03-29
531,Xbox Game Pass 14 days Trial Xbox ONE (Only New Accounts),Xbox,,1.29€,N/A,N/A,99 /100,GAME,2019-03-29
532,Assetto corsa - Japanese Pack,Steam,3€,2.70€,-10%,18 mayo 2016,? /100,DLC,2019-03-29
533,The Witcher 3: Wild Hunt,GOG.com,30€,11.49€,-62%,19 mayo 2015,95 /100,GAME,2019-03-29
534,Resident Evil 7 Gold Edition (Europe),Steam,60€,12.60€,-79%,12 diciembre 2017,88 /100,GAME,2019-03-29
535,Europa Universalis IV: Rights of Man,Steam,20€,7.16€,-64%,11 octubre 2016,93 /100,DLC,2019-03-29
536,Warhammer 40.000: Space Marine,Steam,20€,1.01€,-95%, 6 septiembre 2011,79 /100,GAME,2019-03-29
537,NieR:Automata Game of The YoRHa Edition,Steam,40€,33.98€,-15%,17 marzo 2017,91 /100,GAME,2019-03-29
538,FIFA 19: 4600 FUT Points PS4 (Spain) (ES),Playstation,40€,34.99€,-13%,28 septiembre 2018,? /100,DLC,2019-03-29
539,Cities: Skylines - Snowfall,Steam,13€,4.67€,-64%,18 febrero 2016,95 /100,DLC,2019-03-29
540,Office Professional Plus 2019 (1 User),Software,200€,56.29€,-72%,24 septiembre 2018,87 /100,GAME,2019-03-29
541,They Are Billions,Steam,23€,17.95€,-22%,12 diciembre 2017,85 /100,GAME,2019-03-29
542,Rising Storm 2: Vietnam Deluxe Edition,Steam,4€,3.98€,N/A,30 mayo 2017,81 /100,GAME,2019-03-29
543,Tarjeta PlayStation Network 35€ (España) (ES),Playstation,35€,31.50€,-10%,N/A,96 /100,GAME,2019-03-29
544,Resident Evil: Revelations 2 (Complete Season) (Europe),Steam,,6.04€,N/A,24 febrero 2015,84 /100,GAME,2019-03-29
545,XCOM: Enemy Unknown Complete Pack (Europe),Steam,30€,4.91€,-84%, 4 septiembre 2008,90 /100,GAME,2019-03-29
546,Kingdom Come: Delivrance Band of Bastard,Steam,8€,5.18€,-35%, 5 febrero 2019,? /100,GAME,2019-03-29
547,Mortal Kombat (Komplete Edition) ,Steam,20€,3.24€,-84%, 3 julio 2013,86 /100,GAME,2019-03-29
548,Total War: Attila - Tyrants and Kings Edition,Steam,30€,7.99€,-73%, 4 marzo 2016,83 /100,GAME,2019-03-29
549,Los Sims 4: De Acampada,Origin,20€,12.49€,-38%,13 enero 2015,68 /100,DLC,2019-03-29
550,Xenon Racer,Steam,40€,21.49€,-46%,26 marzo 2019,? /100,GAME,2019-03-29
551,The Elder Scrolls Online - Elsweyr Upgrade,Official Website,40€,26.98€,-33%, 4 junio 2019,? /100,DLC,2019-03-29
552,Tarjeta PlayStation Network 25€ (España) (ES),Playstation,25€,22.50€,-10%,N/A,96 /100,GAME,2019-03-29
553,FIFA 19: 1600 FUT Points Xbox ONE,Xbox,15€,12.99€,-13%,28 septiembre 2018,? /100,DLC,2019-03-29
554,Total War Saga: Thrones of Britannia (Europe),Steam,40€,26.11€,-35%, 3 mayo 2018,76 /100,GAME,2019-03-29
555,Dishonored: Death of the Outsider,Steam,30€,6.43€,-79%,15 septiembre 2017,88 /100,GAME,2019-03-29
556,Dead Space 2,Origin,15€,2.98€,-80%,27 enero 2011,92 /100,GAME,2019-03-29
557,S.T.A.L.K.E.R.: Shadow of Chernobyl,Steam,16€,2.19€,-86%,20 marzo 2007,92 /100,GAME,2019-03-29
558,Layers of Fear,Steam,20€,1.01€,-95%,15 febrero 2016,91 /100,GAME,2019-03-29
559,L.A. Noire: Complete Edition,Steam,30€,6.49€,-78%,11 noviembre 2011,82 /100,GAME,2019-03-29
560,Battlefield: Hardline,Origin,30€,5.31€,-82%,19 marzo 2015,75 /100,GAME,2019-03-29
561,Total War: Three Kingdoms (Europe),Steam,60€,39.89€,-34%,23 mayo 2019,? /100,GAME,2019-03-29
562,Sword Art Online: Hollow Realization Deluxe Edition,Steam,50€,15.89€,-68%,27 octubre 2017,78 /100,GAME,2019-03-29
563,American Truck Simulator: New Mexico DLC,Steam,12€,4.90€,-59%, 9 noviembre 2017,88 /100,DLC,2019-03-29
564,Star Wars: Knights of the Old Republic,Steam,8€,2.55€,-69%,19 noviembre 2003,83 /100,GAME,2019-03-29
565,Absolver,Steam,30€,3.99€,-87%,29 agosto 2017,76 /100,GAME,2019-03-29
566,Tomb Raider,Steam,20€,3.60€,-82%, 5 marzo 2013,89 /100,GAME,2019-03-29
567,Tales of Berseria,Steam,50€,6.52€,-87%,26 enero 2017,93 /100,GAME,2019-03-29
568,Car Mechanic Simulator 2015,Steam,20€,1.56€,-92%,23 abril 2015,85 /100,GAME,2019-03-29
569,Saints Row: The Third,Steam,10€,3.70€,-63%,15 noviembre 2011,89 /100,GAME,2019-03-29
570,Fallout Classic Collection,Steam,20€,2.83€,-86%, 4 agosto 2008,95 /100,GAME,2019-03-29
571,PlayStation Network Card 40€ (España) (ES),Playstation,40€,35.99€,-10%,N/A,96 /100,GAME,2019-03-29
572,Anno 1404 Gold Edition (Europe),Uplay,10€,9.20€,-8%,25 junio 2009,100 /100,GAME,2019-03-29
573,The Secret of Monkey Island: Special Edition,Steam,8€,1.64€,-80%,15 julio 2009,84 /100,GAME,2019-03-29
574,Quantum Break,Steam,37€,9.79€,-74%,29 septiembre 2016,80 /100,GAME,2019-03-29
575,Los Sims 3: Salto a la fama (Europe),Official Website,35€,4.22€,-88%, 8 marzo 2012,80 /100,DLC,2019-03-29
576,Starbound,Steam,14€,10.14€,-28%, 4 diciembre 2013,83 /100,GAME,2019-03-29
577,Dragon Ball FighterZ: FighterZ Pass 2,Steam,25€,20.98€,-16%,31 enero 2019,? /100,DLC,2019-03-29
578,The Elder Scrolls V: Skyrim Switch (Europe),Nintendo,59€,47.99€,-19%,17 noviembre 2017,90 /100,GAME,2019-03-29
579,Splinter Cell: Blacklist (Europe),Uplay,53€,6.13€,-88%,22 agosto 2013,85 /100,GAME,2019-03-29
580,Steep Xbox ONE,Xbox,30€,6.99€,-77%,12 febrero 2016,91 /100,GAME,2019-03-29
581,Shadow Tactics: Blades of the Shogun,Steam,40€,6.22€,-84%, 6 diciembre 2016,93 /100,GAME,2019-03-29
582,Resident Evil 6 (Europe),Steam,30€,3.49€,-88%,22 marzo 2013,78 /100,GAME,2019-03-29
583,Planetary Annihilation: Titans,Steam,34€,7.47€,-78%,18 agosto 2015,89 /100,GAME,2019-03-29
584,South Park: Retaguardia en Peligro (Europe),Uplay,60€,10.14€,-83%,17 octubre 2017,81 /100,GAME,2019-03-29
585,Mega Man Legacy Collection,Steam,15€,1.77€,-88%,24 agosto 2015,? /100,GAME,2019-03-29
586,Metro: Exodus Xbox ONE,Xbox,70€,48.99€,-30%,15 febrero 2019,79 /100,GAME,2019-03-29
587,SimCity 4 (Deluxe Edition),Steam,10€,3.98€,-60%,22 septiembre 2003,? /100,GAME,2019-03-29
588,Batman: Arkham Asylum GOTY (Europe),Steam,20€,2.59€,-87%,26 marzo 2010,90 /100,GAME,2019-03-29
589,Styx: Shards of Darkness,Steam,40€,5.58€,-86%,14 marzo 2017,91 /100,GAME,2019-03-29
590,The Escapists,Steam,15€,2.19€,-85%,13 febrero 2015,65 /100,GAME,2019-03-29
591,Total War: Rome II - Wrath of Sparta,Steam,15€,7.49€,-50%,16 diciembre 2014,80 /100,DLC,2019-03-29
592,Cultist Simulator,Steam,20€,2.29€,-89%,31 mayo 2018,? /100,GAME,2019-03-29
593,The Division 2 Gold Edition Xbox ONE,Xbox,100€,84.99€,-15%,12 marzo 2019,95 /100,GAME,2019-03-29
594,Dead Cells Switch (Europe),Nintendo,25€,21.99€,-12%, 6 agosto 2018,91 /100,GAME,2019-03-29
595,Shadow of the Tomb Raider Xbox ONE,Xbox,70€,22.68€,-68%,14 septiembre 2018,89 /100,GAME,2019-03-29
596,Europa Universalis IV: Common Sense Expansion,Steam,15€,4.13€,-72%, 9 junio 2015,100 /100,DLC,2019-03-29
597,Steep (Europe),Uplay,30€,8.90€,-70%, 2 diciembre 2016,91 /100,GAME,2019-03-29
598,Total War: MEDIEVAL II Definitive Edition,Steam,25€,5.44€,-78%,15 noviembre 2006,82 /100,GAME,2019-03-29
599,Zombie Army Trilogy,Steam,42€,4.64€,-89%, 6 marzo 2015,83 /100,GAME,2019-03-29
600,Assassin's Creed: Rogue,Uplay,20€,5.61€,-72%, 9 marzo 2015,85 /100,GAME,2019-03-29
601,Lords of the Fallen,Steam,30€,3.17€,-89%,31 octubre 2014,76 /100,GAME,2019-03-29
602,Total War: Warhammer Chaos Warriors,Steam,7€,5.07€,-32%,24 mayo 2016,? /100,DLC,2019-03-29
603,Apex Legends: 4350 Apex Coins Xbox ONE,Xbox,40€,34.99€,-13%, 4 febrero 2019,? /100,DLC,2019-03-29
604,Worms Armageddon,Steam,15€,1.49€,-90%,31 mayo 1999,? /100,GAME,2019-03-29
605,World War 3 (Early Access) (Europe),Steam,25€,13.13€,-47%,19 octubre 2018,67 /100,GAME,2019-03-29
606,Final Fantasy VII + VIII Double Pack,Steam,26€,19.53€,-25%,2013,96 /100,GAME,2019-03-29
607,Total War: Warhammer - Realm of the Wood Elves,Steam,17€,11.60€,-34%, 8 diciembre 2016,89 /100,DLC,2019-03-29
608,Stellaris - Plantoids Species Pack,Steam,8€,3.49€,-56%, 4 agosto 2016,78 /100,DLC,2019-03-29
609,Immortal Redneck,Steam,20€,1.26€,-94%,25 abril 2017,? /100,GAME,2019-03-29
610,Crusader Kings II: The Reaper's Due,Steam,10€,4.37€,-56%,25 agosto 2016,? /100,DLC,2019-03-29
611,MXGP Pro,Steam,50€,12.49€,-75%,29 junio 2018,60 /100,GAME,2019-03-29
612,Observer_,Steam,28€,3.85€,-86%,15 agosto 2017,92 /100,GAME,2019-03-29
613,Darksiders II Deathinitive Edition,Steam,30€,4.02€,-87%, 5 noviembre 2015,88 /100,GAME,2019-03-29
614,Fallout 3,Steam,10€,1.99€,-80%,28 octubre 2008,86 /100,GAME,2019-03-29
615,Railway Empire,Steam,50€,14.99€,-70%,26 enero 2018,75 /100,GAME,2019-03-29
616,Dragon Age: Origins - Ultimate Edition,Origin,20€,5.84€,-71%, 5 noviembre 2009,89 /100,GAME,2019-03-29
617,Total War: Warhammer - Call of the Beastmen,Steam,17€,10.93€,-38%,28 julio 2016,73 /100,DLC,2019-03-29
618,Aragami,Steam,20€,4.23€,-79%, 4 octubre 2016,88 /100,GAME,2019-03-29
619,Lego Jurassic World,Steam,20€,2.43€,-88%,12 junio 2015,89 /100,GAME,2019-03-29
620,Train Simulator 2019,Steam,30€,12.65€,-58%,11 octubre 2018,100 /100,GAME,2019-03-29
621,F1 2017,Steam,55€,7.73€,-86%,25 agosto 2017,91 /100,GAME,2019-03-29
622,Naruto Shippuden: Ultimate Ninja Storm 4 Road to Boruto,Steam,20€,8.06€,-60%, 2 febrero 2017,90 /100,DLC,2019-03-29
623,Rocket League - Triton,Steam,2€,1.79€,-10%, 4 octubre 2016,? /100,DLC,2019-03-29
624,How to Survive 2,Steam,15€,1.94€,-87%, 8 septiembre 2016,78 /100,GAME,2019-03-29
625,Total War: Warhammer - Grim and the Grave,Steam,7€,4.99€,-33%, 1 septiembre 2016,90 /100,DLC,2019-03-29
626,Mafia II,Steam,30€,12.26€,-59%,26 agosto 2010,89 /100,GAME,2019-03-29
627,S.T.A.L.K.E.R.: Clear Sky,Steam,10€,1.01€,-90%,15 septiembre 2008,95 /100,GAME,2019-03-29
628,Verdun,Steam,18€,3.97€,-77%,28 abril 2015,78 /100,GAME,2019-03-29
629,Call of Duty: Advanced Warfare,Steam,60€,5.66€,-91%, 4 noviembre 2014,74 /100,GAME,2019-03-29
630,The Crew 2 Xbox ONE,Xbox,60€,23.79€,-60%,29 junio 2018,76 /100,GAME,2019-03-29
631,Pro Cycling Manager 2018,Steam,40€,18.31€,-54%,28 junio 2018,53 /100,GAME,2019-03-29
632,Bomber Crew,Steam,15€,1.81€,-88%,19 octubre 2017,76 /100,GAME,2019-03-29
633,Mount and Blade: Warband - Viking Conquest Reforged Edition,Steam,15€,3.64€,-76%,11 diciembre 2014,? /100,DLC,2019-03-29
634,Turmoil,Steam,10€,2.55€,-74%, 2 junio 2016,83 /100,GAME,2019-03-29
635,Arma 3 Karts,Steam,,1.01€,-32%,29 mayo 2014,91 /100,DLC,2019-03-29
636,Ace Combat 7: Skies Unknown,Steam,60€,40.99€,-32%,31 enero 2019,76 /100,GAME,2019-03-29
637,Rocket League - Marauder,Steam,2€,1.30€,-35%, 7 julio 2015,90 /100,DLC,2019-03-29
638,Titan Quest Anniversary Edition,Steam,20€,3.72€,-81%,31 agosto 2016,83 /100,GAME,2019-03-29
639,Final Fantasy XIII Double Pack Edition,Steam,29€,8.03€,-72%,13 febrero 2015,81 /100,GAME,2019-03-29
640,The Division 2 Gold Edition,Uplay,100€,83.49€,-17%,12 marzo 2019,80 /100,GAME,2019-03-29
641,Civilization VI: Persia and Macedon Civilization & Scenario Pack,Steam,9€,5.72€,-36%,28 marzo 2017,? /100,DLC,2019-03-29
642,Empire and Napoleon: Total War GOTY,Steam,15€,6.80€,-55%,25 febrero 2010,? /100,GAME,2019-03-29
643,Middle-earth: Shadow of War Expansion Pass,Steam,40€,11.56€,-71%, 9 octubre 2017,93 /100,DLC,2019-03-29
644,The Elder Scrolls Online: Morrowind,Official Website,20€,7.99€,-60%, 6 junio 2017,88 /100,DLC,2019-03-29
645,Resident Evil 4 Ultimate HD Edition,Steam,20€,6.84€,-66%,27 febrero 2014,87 /100,GAME,2019-03-29
646,Dragon Ball Xenoverse 2 Extra Pass,Steam,30€,22.49€,-25%,18 diciembre 2018,? /100,DLC,2019-03-29
647,Ancestors Legacy,Steam,30€,6.75€,-77%,22 mayo 2018,86 /100,GAME,2019-03-29
648,Rocket League - Vulcan,Steam,2€,1.83€,-8%, 7 diciembre 2016,93 /100,DLC,2019-03-29
649,Need For Speed: Most Wanted 2012 (Europe),Origin,35€,7.34€,-79%,31 octubre 2012,80 /100,GAME,2019-03-29
650,Endless Space 2,Steam,40€,10.24€,-74%,18 mayo 2017,90 /100,GAME,2019-03-29
651,Euro Truck Simulator 2 Legendary Edition,Steam,77€,22.35€,-71%,20 julio 2016,91 /100,GAME,2019-03-29
652,Los Sims 3: Suite de ensueño Accesorios (Europe),Official Website,20€,3.14€,-84%,26 enero 2012,80 /100,DLC,2019-03-29
653,Dying Light: Season Pass,Steam,30€,5.59€,-81%,27 enero 2015,93 /100,DLC,2019-03-29
654,Men of War: Assault Squad 2 War Chest Edition ,Steam,35€,16.95€,-52%,21 marzo 2019,85 /100,GAME,2019-03-29
655,Devil May Cry 5 Xbox ONE,Xbox,60€,48.89€,-19%, 8 marzo 2019,88 /100,GAME,2019-03-29
656,Far Cry 3: Blood Dragon,Uplay,15€,2.37€,-84%, 1 mayo 2013,82 /100,GAME,2019-03-29
657,Arma 2: Complete Collection,Steam,30€,3.22€,-89%,20 febrero 2013,82 /100,GAME,2019-03-29
658,Total War: Warhammer - The King and The Warlord,Steam,7€,5.22€,-30%,20 octubre 2016,87 /100,DLC,2019-03-29
659,Elex,Steam,50€,12.90€,-74%,17 octubre 2017,76 /100,GAME,2019-03-29
660,TrackMania Turbo,Uplay,40€,8.42€,-79%,24 marzo 2016,75 /100,GAME,2019-03-29
661,Deus Ex: Mankind Divided,Steam,30€,3.88€,-87%,23 agosto 2016,81 /100,GAME,2019-03-29
662,Super Smash Bros. Ultimate Planta Piraña (Europe),Nintendo,5€,4.49€,-10%, 1 noviembre 2018,? /100,DLC,2019-03-29
663,Dead Island: Riptide Definitive Edition,Steam,20€,6.99€,-65%,31 mayo 2016,79 /100,GAME,2019-03-29
664,Civilization IV: Complete Edition,Steam,20€,3.86€,-81%,14 mayo 2009,90 /100,GAME,2019-03-29
665,Europa Universalis IV: Golden Century,Steam,10€,8.29€,-17%,11 diciembre 2018,100 /100,DLC,2019-03-29
666,Dark Souls 1 Remastered Switch (Europe),Nintendo,40€,31.99€,-20%,12 octubre 2018,85 /100,GAME,2019-03-29
667,FIFA 18,Origin,60€,14.98€,-75%,29 septiembre 2017,68 /100,GAME,2019-03-29
668,Rocket League: Revenge of The Battle Cars,Steam,4€,2.48€,-38%, 7 julio 2015,97 /100,DLC,2019-03-29
669,Elite Dangerous: Horizons Season Pass,Steam,25€,15.69€,-37%,15 diciembre 2015,90 /100,DLC,2019-03-29
670,Warhammer: The End Times - Vermintide,Steam,28€,3.03€,-89%,23 octubre 2015,78 /100,GAME,2019-03-29
671,Blood Bowl 2,Steam,20€,6.05€,-70%,22 septiembre 2015,85 /100,GAME,2019-03-29
672,The Elder Scrolls Online - Elsweyr Collector's Edition,Official Website,79€,49.98€,-37%, 4 junio 2019,? /100,GAME,2019-03-29
673,Celeste Switch (Europe),Nintendo,20€,16.90€,-15%,25 enero 2018,95 /100,GAME,2019-03-29
674,Poly Bridge,Steam,8€,2.14€,-74%,12 julio 2016,97 /100,GAME,2019-03-29
675,Naruto to Boruto: Shinobi Striker,Steam,50€,15.94€,-68%,31 agosto 2018,72 /100,GAME,2019-03-29
676,RiME,Steam,35€,4.23€,-88%,26 mayo 2017,86 /100,GAME,2019-03-29
677,Mass Effect Andromeda - Deep Space Pack,Origin,5€,1.98€,-60%,23 marzo 2017,79 /100,DLC,2019-03-29
678,Ni No Kuni II: Revenant Kingdom (Europe),Steam,60€,21.99€,-63%,23 marzo 2018,85 /100,GAME,2019-03-29
679,Little Nightmares,Steam,20€,3.49€,-83%,28 abril 2017,86 /100,GAME,2019-03-29
680,Rocksmith 2014 Remastered,Steam,30€,9.72€,-68%, 4 octubre 2016,87 /100,GAME,2019-03-29
681,SpellForce 3,Steam,50€,15.98€,-68%, 7 diciembre 2017,86 /100,GAME,2019-03-29
682,Los Sims 3: Vida en la Ciudad Accesorios (Europe),Official Website,15€,4.70€,-69%,28 julio 2011,85 /100,DLC,2019-03-29
683,Dragon Ball Xenoverse,Steam,40€,7.72€,-81%,27 febrero 2015,82 /100,GAME,2019-03-29
684,Mirror's Edge Catalyst,Origin,60€,5.49€,-91%, 9 junio 2016,80 /100,GAME,2019-03-29
685,Tarjeta PlayStation Network 5€ (España) (ES),Playstation,5€,4.69€,-6%,N/A,? /100,GAME,2019-03-29
686,Apex Legends: 4350 Apex Coins,Origin,40€,35.49€,-11%, 4 febrero 2019,? /100,DLC,2019-03-29
687,Jump Force Deluxe Edition,Steam,90€,61.49€,-32%,14 febrero 2019,64 /100,GAME,2019-03-29
688,Crusader Kings II: Conclave,Steam,15€,5.91€,-61%, 2 febrero 2016,? /100,DLC,2019-03-29
689,Jump Force Xbox ONE,Xbox,70€,49.99€,-29%,15 febrero 2019,66 /100,GAME,2019-03-29
690,Destiny 2: Los Renegados Legendary Collection (Europe),Battle.net,60€,41.52€,-31%, 4 septiembre 2018,75 /100,GAME,2019-03-29
691,Assetto Corsa: Dream Pack 2,Steam,7€,3.99€,-43%, 8 octubre 2015,? /100,DLC,2019-03-29
692,Titanfall,Origin,50€,4.69€,-91%,13 marzo 2014,83 /100,GAME,2019-03-29
693,Cossacks 3 Complete Experience,Steam,36€,9.23€,-75%,27 octubre 2017,85 /100,GAME,2019-03-29
694,Max Payne 3,Steam,20€,6.38€,-68%,18 mayo 2012,86 /100,GAME,2019-03-29
695,Need For Speed: Shift,Origin,15€,1.68€,-89%,15 septiembre 2009,64 /100,GAME,2019-03-29
696,Destiny 2 (Europe),Battle.net,60€,14.75€,-75%,24 octubre 2017,75 /100,GAME,2019-03-29
697,Doom 3 BFG Edition,Steam,20€,2.96€,-85%,18 octubre 2012,89 /100,GAME,2019-03-29
698,Dragon Age: Inquisition ,Origin,20€,5.98€,-70%,20 noviembre 2014,86 /100,GAME,2019-03-29
699,Anthem: Legion of Dawn Edition Xbox ONE ,Xbox,90€,52.78€,-41%,22 febrero 2019,65 /100,GAME,2019-03-29
700,Beholder 2,Steam,15€,3.95€,-74%, 4 diciembre 2018,? /100,GAME,2019-03-29
701,Far Cry Primal: Legend of the Mammoth,Uplay,,1.89€,N/A,29 febrero 2016,? /100,DLC,2019-03-29
702,MotoGP 18,Steam,50€,15.05€,-70%, 7 junio 2018,66 /100,GAME,2019-03-29
703,DiRT 4: Hyundai R5 Rally Car,Steam,2€,1.01€,-59%, 1 agosto 2017,100 /100,DLC,2019-03-29
704,Lego Marvel Super Heroes 2,Steam,30€,7.80€,-74%,14 noviembre 2017,82 /100,GAME,2019-03-29
705,LEGO: Batman Trilogy,Steam,50€,3.28€,-93%,11 noviembre 2014,94 /100,GAME,2019-03-29
706,Styx: Master of Shadows,Steam,30€,3.86€,-87%, 7 octubre 2014,83 /100,GAME,2019-03-29
707,Ghost of a Tale,Steam,23€,8.31€,-64%,25 julio 2016,100 /100,GAME,2019-03-29
708,Conan Exiles - The Imperial East Pack,Steam,10€,8.04€,-20%,22 junio 2018,? /100,DLC,2019-03-29
709,Injustice 2 Legendary Edition,Steam,60€,14.48€,-76%,30 noviembre 2017,87 /100,GAME,2019-03-29
710,Witch It,Steam,15€,9.08€,-39%,31 mayo 2017,89 /100,GAME,2019-03-29
711,Pro Evolution Soccer 2018 (Europe),Steam,30€,6.99€,-77%,14 septiembre 2017,79 /100,GAME,2019-03-29
712,Day of Infamy,Steam,12€,2.77€,-78%,23 marzo 2017,83 /100,GAME,2019-03-29
713,South Park: La Vara de la Verdad (uncut),Uplay,30€,5.69€,-81%, 6 marzo 2014,92 /100,GAME,2019-03-29
714,Battlefield Bad Company 2,Origin,10€,4.13€,-59%, 4 marzo 2010,90 /100,GAME,2019-03-29
715,Grim Dawn,Steam,25€,15.83€,-37%,25 febrero 2016,92 /100,GAME,2019-03-29
716,Vikings: Wolves of Midgard,Steam,30€,3.16€,-89%,24 marzo 2017,71 /100,GAME,2019-03-29
717,Just Cause 2 (Europe),Steam,15€,1.56€,-90%,26 marzo 2010,84 /100,GAME,2019-03-29
718,Battlefield 3: Premium (sin juego) (Europe),Origin,52€,2.57€,-95%,27 octubre 2011,87 /100,DLC,2019-03-29
719,Hitman: Absolution,Steam,20€,4.76€,-76%,20 noviembre 2012,89 /100,GAME,2019-03-29
720,Anno 2205 (Europe),Uplay,40€,6.99€,-83%, 3 noviembre 2015,78 /100,GAME,2019-03-29
721,Lego Marvel’s Avengers,Steam,30€,2.99€,-90%,26 enero 2016,84 /100,GAME,2019-03-29
722,Lego Star Wars III: The Clone Wars,Steam,17€,5.12€,-70%,22 marzo 2011,97 /100,GAME,2019-03-29
723,Pillars of Eternity: Hero Edition,Steam,28€,5.99€,-79%,26 marzo 2015,91 /100,GAME,2019-03-29
724,Might & Magic: Heroes VII (Europe),Uplay,50€,8.49€,-83%,29 septiembre 2015,76 /100,GAME,2019-03-29
725,Worms Reloaded GOTY,Steam,20€,1.81€,-91%,26 agosto 2010,85 /100,GAME,2019-03-29
726,Assetto Corsa Ferrari - 70th Anniversary Pack,Steam,7€,3.99€,-43%,19 septiembre 2017,? /100,DLC,2019-03-29
727,Into The Breach,Steam,15€,7.05€,-53%,27 febrero 2018,90 /100,GAME,2019-03-29
728,Europa Universalis IV: Dharma,Steam,20€,8.63€,-57%, 6 septiembre 2018,? /100,DLC,2019-03-29
729,Imperator: Rome,Steam,40€,33.87€,-15%,25 abril 2019,? /100,GAME,2019-03-29
730,Fallout: New Vegas,Steam,10€,4.98€,-50%,21 octubre 2010,93 /100,GAME,2019-03-29
731,Life is Strange: Before The Storm,Steam,17€,4.18€,-75%,31 agosto 2017,86 /100,GAME,2019-03-29
732,Resident Evil: Revelations (Europe),Steam,30€,2.56€,-91%,24 mayo 2013,76 /100,GAME,2019-03-29
733,Star Wars: The Force Unleashed II,Steam,17€,5.28€,-69%,26 octubre 2010,78 /100,GAME,2019-03-29
734,Europa Universalis IV: The Cossacks,Steam,20€,7.49€,-63%, 1 diciembre 2015,95 /100,DLC,2019-03-29
735,Homeworld Remastered Collection,Steam,32€,3.34€,-90%,25 febrero 2015,93 /100,GAME,2019-03-29
736,Might & Magic: Heroes III (HD Edition),Steam,15€,7.49€,-50%,29 enero 2015,86 /100,GAME,2019-03-29
737,Apex Legends: 6700 Apex Coins,Origin,60€,56.29€,-6%, 4 febrero 2019,? /100,DLC,2019-03-29
738,Dead Space,Origin,15€,3.08€,-79%,23 octubre 2008,89 /100,GAME,2019-03-29
739,My hero one's justice,Steam,60€,29.99€,-50%,26 octubre 2018,90 /100,GAME,2019-03-29
740,Flashing Lights - Police Fire EMS,Steam,12€,8.19€,-34%, 7 junio 2018,55 /100,GAME,2019-03-29
741,Prey: Mooncrash,Steam,20€,7.37€,-63%,10 junio 2018,87 /100,DLC,2019-03-29
742,Star Wars: Battlefront 2 Xbox ONE,Xbox,60€,12.99€,-78%,17 noviembre 2017,70 /100,GAME,2019-03-29
743,Cities: Skylines - Concerts,Steam,7€,3.19€,-54%,17 agosto 2017,100 /100,DLC,2019-03-29
744,Warhammer 40.000: Dawn of War II Master Collection,Steam,55€,7.58€,-86%,N/A,85 /100,GAME,2019-03-29
745,Los Sims 3: ¡Quemando rueda! Accesorios,Official Website,20€,3.43€,-83%, 7 septiembre 2010,? /100,DLC,2019-03-29
746,Resident Evil Origins Collection (Europe),Steam,40€,8.06€,-80%,19 enero 2016,89 /100,GAME,2019-03-29
747,Sniper: Ghost Warrior 3 Season Pass Edition,Steam,20€,5.69€,-72%,25 abril 2017,69 /100,GAME,2019-03-29
748,Civilization VI: Khmer and Indonesia Civilization & Scenario Pack,Steam,9€,5.26€,-41%,19 octubre 2017,? /100,DLC,2019-03-29
749,Xenoblade Chronicles 2 Switch (Europe),Nintendo,60€,47.99€,-20%, 1 diciembre 2017,73 /100,GAME,2019-03-29
750,The Crew,Uplay,30€,6.49€,-78%, 2 diciembre 2014,81 /100,GAME,2019-03-29
751,Gothic Universe Edition (Europe),Steam,20€,3.16€,-84%, 5 noviembre 2010,89 /100,GAME,2019-03-29
752,Castlevania: Lords of Shadow Ultimate Edition (Europe),Steam,25€,3.29€,-87%, 7 octubre 2010,93 /100,GAME,2019-03-29
753,Call of Duty: Modern Warfare 2 Stimulus Package,Steam,14€,5.74€,-59%, 4 mayo 2010,100 /100,DLC,2019-03-29
754,S.T.A.L.K.E.R.: Call of Pripyat,Steam,20€,3.32€,-83%,11 febrero 2010,79 /100,GAME,2019-03-29
755,Bus Simulator 16 (Europe),Steam,15€,5.24€,-65%, 2 marzo 2016,76 /100,GAME,2019-03-29
756,PlayStation Network Card 30€ (España) (ES),Playstation,30€,27.25€,-9%,N/A,96 /100,GAME,2019-03-29
757,Injustice: Gods Among Us Ultimate Edition,Steam,20€,2.89€,-86%,29 noviembre 2013,82 /100,GAME,2019-03-29
758,Nintendo Membership 12 Months (Family) (Europe),Nintendo,35€,30.99€,-11%,19 septiembre 2018,? /100,GAME,2019-03-29
759,Overcooked Xbox ONE,Xbox,16€,3.89€,-76%, 3 agosto 2016,87 /100,GAME,2019-03-29
760,Kingdom Hearts III Xbox ONE,Xbox,70€,49.99€,-29%,29 enero 2019,? /100,GAME,2019-03-29
761,Splatoon 2: Octo Expansion Switch (Europe),Nintendo,20€,16.99€,-15%,14 junio 2018,90 /100,DLC,2019-03-29
762,Besiege,Steam,8€,5.82€,-27%,28 enero 2015,90 /100,GAME,2019-03-29
763,Kingdoms of Amalur: Reckoning,Origin,20€,3.86€,-81%, 8 febrero 2012,85 /100,GAME,2019-03-29
764,Crusader Kings II: Monks and Mystics,Steam,15€,6.13€,-59%, 7 marzo 2017,90 /100,DLC,2019-03-29
765,Alice: Madness Returns (Europe),Origin,10€,6.24€,-38%,16 junio 2011,84 /100,GAME,2019-03-29
766,Left 4 Dead,Steam,8€,5.12€,-37%,17 noviembre 2008,93 /100,GAME,2019-03-29
767,Enter the Gungeon,Steam,15€,9.97€,-33%, 5 abril 2016,73 /100,GAME,2019-03-29
768,The Sims 3: High end Loft Stuff (Europe),Official Website,15€,2.61€,-83%, 5 febrero 2010,80 /100,DLC,2019-03-29
769,Grand Ages: Medieval,Steam,20€,2.90€,-85%,25 septiembre 2015,57 /100,GAME,2019-03-29
770,Apex Legends: 2150 Apex Coins Xbox ONE,Xbox,20€,17.99€,-10%, 4 febrero 2019,? /100,DLC,2019-03-29
771,Civilization VI: Nubia Civilization & Scenario Pack,Steam,5€,2.98€,-40%,27 julio 2017,? /100,DLC,2019-03-29
772,FIFA 19: 1050 FUT Points Xbox ONE,Xbox,10€,8.99€,-10%,28 septiembre 2018,? /100,DLC,2019-03-29
773,Need For Speed: Rivals,Origin,20€,6.25€,-69%,21 noviembre 2013,79 /100,GAME,2019-03-29
774,Bioshock Infinite (Europe),Steam,30€,4.79€,-84%,25 marzo 2013,91 /100,GAME,2019-03-29
775,Naruto Shippuden: Ultimate Ninja Storm 4 Season Pass,Steam,20€,8.10€,-59%, 5 febrero 2016,85 /100,DLC,2019-03-29
776,The Vanishing of Ethan Carter,Steam,19€,1.75€,-91%,25 septiembre 2014,87 /100,GAME,2019-03-29
777,NBA 2K19: 75.000 VC Xbox ONE,Xbox,20€,14.99€,-25%,11 septiembre 2018,? /100,DLC,2019-03-29
778,Warhammer: Chaosbane,Steam,50€,26.98€,-46%, 4 junio 2019,? /100,GAME,2019-03-29
779,LEGO DC Super-Villains,Steam,40€,8.93€,-78%,16 octubre 2018,90 /100,GAME,2019-03-29
780,Train Sim World Bundle,Steam,134€,17.98€,-87%,24 julio 2018,85 /100,GAME,2019-03-29
781,Octopath Traveler Switch (Europe),Nintendo,60€,47.99€,-20%,13 julio 2018,96 /100,GAME,2019-03-29
782,Unravel Two,Origin,20€,9.99€,-50%, 9 junio 2018,80 /100,GAME,2019-03-29
783,Crusader Kings II: Charlemagne,Steam,15€,5.06€,-66%,14 octubre 2014,100 /100,DLC,2019-03-29
784,Steel Division: Normandy 44 - Back to Hell,Steam,15€,5.71€,-62%,13 febrero 2018,? /100,DLC,2019-03-29
785,OMSI 2: The Omni 2,Steam,30€,12.63€,-58%,11 diciembre 2013,77 /100,GAME,2019-03-29
786,NBA Playgrounds,Steam,20€,2.07€,-90%, 8 mayo 2017,78 /100,GAME,2019-03-29
787,Dead Space 3,Origin,10€,8.99€,-10%, 8 febrero 2013,88 /100,GAME,2019-03-29
788,A Story About My Uncle,Steam,13€,1.01€,-92%,28 mayo 2014,87 /100,GAME,2019-03-29
789,Los Sims 3: Patios y Jardines Accesorios (Europe),Official Website,15€,3.24€,-78%,10 febrero 2011,90 /100,DLC,2019-03-29
790,Magicka,Steam,10€,1.74€,-83%,25 enero 2011,90 /100,GAME,2019-03-29
791,FIFA 19: 500 FUT Points Xbox ONE,Xbox,5€,4.59€,-8%,28 septiembre 2018,? /100,GAME,2019-03-29
792,Assassin's Creed Odyssey Season Pass Xbox ONE,Xbox,40€,33.89€,-15%, 5 octubre 2018,100 /100,DLC,2019-03-29
793,Monster Energy Supercross - The Official Videogame 2,Steam,50€,23.06€,-54%, 8 febrero 2019,90 /100,GAME,2019-03-29
794,FIFA 19: 2200 FUT Points PS4 (Spain) (ES),Playstation,20€,17.99€,-10%,28 septiembre 2018,? /100,DLC,2019-03-29
795,Total War: ROME II (Caesar in Gaul Campaign Pack),Steam,15€,6.29€,-58%,17 diciembre 2013,? /100,DLC,2019-03-29
796,Shadow of the Tomb Raider Season Pass,Steam,30€,15.94€,-47%,14 septiembre 2018,63 /100,DLC,2019-03-29
797,Blackwake,Steam,20€,8.20€,-59%,24 febrero 2017,? /100,GAME,2019-03-29
798,Sanctum 2,Steam,15€,1.01€,-93%,15 mayo 2013,90 /100,GAME,2019-03-29
799,Deponia: The Complete Journey,Steam,30€,1.01€,-97%, 8 julio 2014,93 /100,GAME,2019-03-29
800,Steel Division: Normandy 44 - Second Wave,Steam,8€,3.60€,-55%,21 septiembre 2017,60 /100,DLC,2019-03-29
801,BattleTech,Steam,40€,10.78€,-73%,24 abril 2018,87 /100,GAME,2019-03-29
802,Los Sims 3: Diesel Accesorios (Europe),Official Website,15€,2.78€,-81%,12 julio 2012,90 /100,DLC,2019-03-29
803,Hacknet,Steam,10€,1.01€,-90%,12 agosto 2015,82 /100,GAME,2019-03-29
804,Civilization V,Steam,30€,5.03€,-83%,23 septiembre 2010,89 /100,GAME,2019-03-29
805,Lego Pirates of the Caribbean,Steam,17€,2.75€,-84%,24 mayo 2011,83 /100,GAME,2019-03-29
806,NARUTO SHIPPUDEN: Ultimate Ninja STORM Trilogy Switch (Europe),Nintendo,50€,36.99€,-26%,26 abril 2018,? /100,GAME,2019-03-29
807,Postal 2,Steam,10€,2.19€,-78%,13 abril 2003,100 /100,GAME,2019-03-29
808,Lego Marvel Super Heroes,Steam,20€,4.08€,-80%,15 noviembre 2013,86 /100,GAME,2019-03-29
809,Dead Island: Riptide Complete Edition,Steam,,4.34€,N/A,31 mayo 2016,79 /100,GAME,2019-03-29
810,The Evil Within 2,Steam,60€,12.11€,-80%,13 octubre 2017,90 /100,GAME,2019-03-29
811,FIFA 18: 2200 FUT points,Origin,20€,8.35€,-58%,29 septiembre 2017,81 /100,DLC,2019-03-29
812,Darksiders Warmastered Edition,Steam,20€,2.95€,-85%,29 noviembre 2016,91 /100,GAME,2019-03-29
813,EA SPORTS UFC 3 Deluxe Edition Xbox ONE,Xbox,65€,23.69€,-64%, 9 febrero 2018,? /100,GAME,2019-03-29
814,Middle-earth: Shadow of Mordor,Steam,20€,4.43€,-78%, 3 octubre 2014,85 /100,GAME,2019-03-29
815,Tom Clancy's The Division 2 Edición Definitiva Xbox ONE,Xbox,110€,98.98€,-10%,12 marzo 2019,95 /100,GAME,2019-03-29
816,Assetto Corsa - Red Pack ,Steam,7€,3.94€,-44%,14 julio 2016,? /100,DLC,2019-03-29
817,Catherine Classic,Steam,20€,13.80€,-31%,10 enero 2019,95 /100,GAME,2019-03-29
818,FTL: Faster Than Light,Steam,10€,5.02€,-50%,14 septiembre 2012,100 /100,GAME,2019-03-29
819,Door Kickers ,Steam,19€,2.91€,-85%,20 octubre 2014,? /100,GAME,2019-03-29
820,Amnesia Collection,Steam,32€,1.98€,-94%,10 septiembre 2013,? /100,GAME,2019-03-29
821,Tropico 5,Steam,20€,4.77€,-76%,23 mayo 2014,84 /100,GAME,2019-03-29
822,Kingdom Two Crowns,Steam,20€,13.54€,-32%,11 diciembre 2018,80 /100,GAME,2019-03-29
823,Fernbus Simulator,Steam,30€,14.90€,-50%,25 agosto 2016,90 /100,GAME,2019-03-29
824,LEGO Indiana Jones: The Original Adventures,Steam,17€,2.00€,-88%, 3 junio 2008,? /100,GAME,2019-03-29
825,Tom Clancy's Rainbow Six Siege Advanced Edition,Uplay,35€,25.45€,-27%,12 febrero 2018,86 /100,GAME,2019-03-29
826,The Crew Xbox ONE,Xbox,25€,4.99€,-80%,12 febrero 2014,80 /100,GAME,2019-03-29
827,Call of Duty: Black Ops (Deutsch) (Europe),Steam,40€,6.48€,-84%, 9 noviembre 2010,47 /100,GAME,2019-03-29
828,Battlefield 1 Premium Pass,Origin,50€,12.09€,-76%,21 octubre 2016,90 /100,DLC,2019-03-29
829,Chivalry: Medieval Warfare,Steam,23€,5.15€,-78%,16 octubre 2012,82 /100,GAME,2019-03-29
830,Rocket League: Chaos Run,Steam,4€,2.29€,-43%, 1 diciembre 2015,94 /100,DLC,2019-03-29
831,Dungeons II,Steam,20€,1.24€,-94%,24 abril 2015,89 /100,GAME,2019-03-29
832,Skullgirls,Steam,10€,2.64€,-74%,23 agosto 2014,80 /100,GAME,2019-03-29
833,Gift Card 30€,Official Website,,30.00€,N/A,N/A,99 /100,GAME,2019-03-29
834,Civilization VI: Poland Civilization & Scenario Pack,Steam,5€,4.83€,-3%,20 diciembre 2016,? /100,DLC,2019-03-29
835,Crusader Kings II: Legacy of Rome,Steam,5€,2.95€,-41%,16 octubre 2012,? /100,DLC,2019-03-29
836,GOD EATER 3,Steam,50€,39.30€,-21%, 8 febrero 2019,90 /100,GAME,2019-03-29
837,Red Dead Redemption 2: Ultimate Edition Xbox ONE,Xbox,100€,59.89€,-40%,26 octubre 2018,93 /100,GAME,2019-03-29
838,Life is Strange 2 Complete Season,Steam,41€,30.83€,-25%,26 septiembre 2018,83 /100,GAME,2019-03-29
839,LEGO Indiana Jones 2: The Adventure Continues,Steam,17€,2.03€,-88%,18 febrero 2010,100 /100,GAME,2019-03-29
840,StarCraft 2: Legacy of the Void,Battle.net,40€,13.29€,-67%,10 noviembre 2015,89 /100,GAME,2019-03-29
841,Hearts of Iron IV: Colonel Edition,Steam,50€,14.74€,-71%, 6 junio 2016,90 /100,GAME,2019-03-29
842,Europa Universalis IV: Rule Britannia,Steam,10€,5.49€,-45%,20 marzo 2018,? /100,DLC,2019-03-29
843,Crusader Kings II: Way of Life,Steam,8€,3.86€,-52%,16 diciembre 2014,90 /100,DLC,2019-03-29
844,Europa Universalis IV: Cradle of Civilization,Steam,20€,7.49€,-63%,16 noviembre 2017,100 /100,DLC,2019-03-29
845,Project Cars 2 Season Pass,Steam,30€,12.23€,-59%,22 septiembre 2017,88 /100,DLC,2019-03-29
846,Rocket League - Proteus,Steam,2€,1.49€,-25%, 4 octubre 2016,? /100,DLC,2019-03-29
847,The Crew Ultimate Edition,Uplay,50€,13.19€,-74%,29 noviembre 2016,81 /100,GAME,2019-03-29
848,The Dwarves,Steam,40€,1.34€,-97%, 1 diciembre 2016,83 /100,GAME,2019-03-29
849,Star Wars Jedi Knight: Jedi Academy,Steam,8€,4.30€,-47%,16 septiembre 2003,90 /100,GAME,2019-03-29
850,F1 2016,Steam,50€,4.68€,-91%,19 agosto 2016,88 /100,GAME,2019-03-29
851,XCOM 2 Reinforcement Pack (Europe),Steam,20€,5.96€,-70%, 5 febrero 2016,90 /100,DLC,2019-03-29
852,Crusader Kings II: Way of Life Collection,Steam,,3.55€,N/A,16 diciembre 2014,90 /100,DLC,2019-03-29
853,Company of Heroes 2: The British Forces,Steam,13€,7.99€,-38%, 3 septiembre 2015,? /100,GAME,2019-03-29
854,FIFA 16,Origin,60€,7.99€,-87%,24 septiembre 2015,80 /100,GAME,2019-03-29
855,Resident Evil HD (Europe),Steam,20€,6.04€,-70%,20 enero 2015,92 /100,GAME,2019-03-29
856,The Golf Club 2019 Featuring PGA Tour,Steam,50€,22.05€,-56%,28 agosto 2018,? /100,GAME,2019-03-29
857,Apex Legends: 1000 Apex Coins PS4 (Spain) (ES),Playstation,10€,8.99€,-10%, 4 febrero 2019,? /100,DLC,2019-03-29
858,Moon Hunters,Steam,12€,1.40€,-89%,10 marzo 2016,? /100,GAME,2019-03-29
859,Life is Strange 2 - Episodes 2-5 bundle,Steam,33€,23.90€,-28%,26 septiembre 2018,? /100,DLC,2019-03-29
860,Assetto Corsa: Dream Pack 3,Steam,7€,3.99€,-43%,15 diciembre 2015,? /100,DLC,2019-03-29
861,Fallout 4 VR,Steam,60€,14.09€,-77%,11 diciembre 2017,88 /100,GAME,2019-03-29
862,Fallout Bundle,Steam,70€,20.90€,-70%,10 noviembre 2015,88 /100,GAME,2019-03-29
863,Pokémon Ultra Sun 3DS (Europe),Nintendo,45€,35.99€,-20%,17 noviembre 2017,90 /100,GAME,2019-03-29
864,Hello Neighbor,Steam,28€,11.78€,-58%, 8 diciembre 2017,77 /100,GAME,2019-03-29
865,Europa Universalis IV: Mandate of Heaven,Steam,20€,6.48€,-68%, 6 abril 2017,100 /100,DLC,2019-03-29
866,Europa Universalis IV: Art of War,Steam,20€,5.59€,-72%,30 octubre 2014,100 /100,DLC,2019-03-29
867,Resident Evil 5,Steam,20€,7.35€,-63%,15 septiembre 2009,73 /100,GAME,2019-03-29
868,Cossacks 3,Steam,20€,6.19€,-69%,20 septiembre 2016,85 /100,GAME,2019-03-29
869,Farming Simulator 17,Steam,20€,17.90€,-10%,25 octubre 2016,73 /100,GAME,2019-03-29
870,Crysis 3 (Europe),Origin,20€,7.26€,-64%,21 febrero 2013,88 /100,GAME,2019-03-29
871,Europa Universalis IV: Mare Nostrum,Steam,15€,4.99€,-67%, 5 abril 2016,90 /100,DLC,2019-03-29
872,Assetto Corsa - Tripl3 Pack,Steam,2€,1.80€,-10%,26 agosto 2016,? /100,DLC,2019-03-29
873,Assetto Corsa - Ready To Race Pack,Steam,5€,3.47€,-30%,18 mayo 2017,? /100,DLC,2019-03-29
874,Five Nights at Freddy's: Sister Location,Steam,8€,1.43€,-82%, 7 octubre 2016,90 /100,GAME,2019-03-29
875,Death Road to Canada,Steam,15€,2.07€,-86%,21 julio 2016,80 /100,GAME,2019-03-29
876,Space Hulk: Deathwing Enhanced Edition,Steam,,18.14€,N/A,22 mayo 2018,? /100,GAME,2019-03-29
877,This War of Mine - The Little Ones DLC,Steam,5€,2.72€,-45%, 1 junio 2016,? /100,DLC,2019-03-29
878,Total War: Warhammer - Norsca,Steam,10€,6.02€,-40%,10 agosto 2017,88 /100,DLC,2019-03-29
879,Los Sims 4 Xbox ONE,Xbox,50€,17.67€,-65%,17 noviembre 2017,82 /100,GAME,2019-03-29
880,Assassin's Creed II,Uplay,15€,5.24€,-65%, 4 marzo 2010,94 /100,GAME,2019-03-29
881,Half Life Complete,Steam,36€,9.62€,-73%,N/A,96 /100,GAME,2019-03-29
882,Monkey Island 2 Special Edition: LeChuck's Revenge,Steam,8€,1.70€,-79%, 7 julio 2010,90 /100,GAME,2019-03-29
883,Borderlands 2 (Europe),Steam,30€,5.99€,-80%,21 septiembre 2012,92 /100,GAME,2019-03-29
884,Two Worlds II,Steam,20€,1.14€,-94%, 3 febrero 2011,75 /100,GAME,2019-03-29
885,Broforce,Steam,14€,7.93€,-43%,15 octubre 2015,99 /100,GAME,2019-03-29
886,Anno 2070,Uplay,20€,5.70€,-71%,17 noviembre 2011,77 /100,GAME,2019-03-29
887,Sunset Overdrive,Steam,,10.66€,N/A,31 octubre 2014,68 /100,GAME,2019-03-29
888,Alan Wake (Europe),Steam,28€,3.13€,-89%,12 febrero 2012,89 /100,GAME,2019-03-29
889,SOMA,Steam,28€,3.98€,-86%,22 septiembre 2015,77 /100,GAME,2019-03-29
890,Far Cry New Dawn Xbox ONE,Xbox,45€,34.78€,-23%,15 febrero 2019,74 /100,GAME,2019-03-29
891,Grand Theft Auto: Vice City,Steam,10€,4.77€,-52%,16 mayo 2003,97 /100,GAME,2019-03-29
892,White Noise 2,Steam,10€,1.79€,-82%, 7 abril 2017,? /100,GAME,2019-03-29
893,Tom Clancy's Rainbow Six Siege - Year 4 Pass Xbox ONE,Xbox,30€,25.39€,-15%,11 diciembre 2018,87 /100,DLC,2019-03-29
894,Jump Force,Steam,60€,47.20€,-21%,15 febrero 2019,64 /100,GAME,2019-03-29
895,Cities: Skylines Deluxe Edition,Steam,37€,9.62€,-74%,24 mayo 2018,88 /100,GAME,2019-03-29
896,The Escapists 2 Season Pass,Steam,10€,6.13€,-39%,21 agosto 2017,? /100,DLC,2019-03-29
897,Yooka-Laylee,Steam,40€,4.90€,-88%,11 abril 2017,83 /100,GAME,2019-03-29
898,Tropico 4: Special Edition,Steam,15€,1.99€,-87%, 1 septiembre 2011,71 /100,GAME,2019-03-29
899,Los Sims 3: LOS '70 '80 '90 Accesorios (Europe),Official Website,20€,2.98€,-85%,24 enero 2013,100 /100,DLC,2019-03-29
900,Grand Theft Auto Online: Tiger Shark Cash Card PS4 (Europe),Playstation,6€,3.99€,-34%,14 abril 2015,80 /100,DLC,2019-03-29
901,NBA 2K19: 35.000 VC Xbox ONE,Xbox,10€,7.99€,-20%,11 septiembre 2018,? /100,DLC,2019-03-29
902,Empire: Total War Collection ,Steam,32€,5.19€,-84%, 4 marzo 2009,91 /100,GAME,2019-03-29
903,BlazBlue: Centralfiction,Steam,37€,8.10€,-78%,26 abril 2017,? /100,GAME,2019-03-29
904,Staxel,Steam,20€,3.96€,-80%,23 enero 2018,68 /100,GAME,2019-03-29
905,Yakuza 0 (Europe),Steam,20€,10.03€,-50%, 1 agosto 2018,? /100,GAME,2019-03-29
906,Splatoon 2 Switch (Europe),Nintendo,60€,47.99€,-20%,21 julio 2017,98 /100,GAME,2019-03-29
907,Wargame: Red Dragon (Europe),Steam,30€,12.33€,-59%,17 abril 2014,93 /100,GAME,2019-03-29
908,Pizza Connection 3,Steam,25€,8.57€,-66%,22 marzo 2018,65 /100,GAME,2019-03-29
909,Final Fantasy XIV: Online Starter Edition (Europe),Official Website,25€,9.58€,-62%,27 agosto 2013,86 /100,GAME,2019-03-29
910,Europa Universalis IV: Third Rome,Steam,10€,3.85€,-61%,14 junio 2017,? /100,DLC,2019-03-29
911,Duck Game,Steam,13€,7.87€,-39%, 4 junio 2015,95 /100,GAME,2019-03-29
912,Killing Floor,Steam,20€,1.48€,-93%,14 mayo 2009,82 /100,GAME,2019-03-29
913,Stronghold 3 Gold,Steam,28€,4.07€,-85%,25 mayo 2012,65 /100,GAME,2019-03-29
914,WWE 2K17 (Europe),Steam,50€,6.45€,-87%, 7 febrero 2017,73 /100,GAME,2019-03-29
915,Max Payne,Steam,10€,1.56€,-84%,25 julio 2001,87 /100,GAME,2019-03-29
916,Europa Universalis IV: El Dorado,Steam,15€,4.37€,-71%,26 febrero 2015,84 /100,DLC,2019-03-29
917,Tales of Symphonia,Steam,20€,3.86€,-81%, 1 febrero 2016,80 /100,GAME,2019-03-29
918,Carmageddon: Max Damage,Steam,17€,2.43€,-86%,27 octubre 2016,? /100,GAME,2019-03-29
919,Civilization VI: Australia Civilization & Scenario Pack,Steam,5€,4.50€,-10%,23 febrero 2017,? /100,DLC,2019-03-29
920,Yakuza Kiwami,Steam,20€,14.98€,-25%,19 febrero 2019,? /100,GAME,2019-03-29
921,Dead Or Alive 6,Steam,70€,45.98€,-34%, 1 marzo 2019,? /100,GAME,2019-03-29
922,Stronghold HD,Steam,4€,3.37€,-16%,19 octubre 2001,92 /100,GAME,2019-03-29
923,Sniper: Ghost Warrior 2,Steam,10€,2.04€,-80%,14 marzo 2013,72 /100,GAME,2019-03-29
924,Dakar 18,Steam,50€,15.49€,-69%,28 septiembre 2018,84 /100,GAME,2019-03-29
925,Castlevania: Lords of Shadow 2 (Europe),Steam,30€,5.59€,-81%,27 febrero 2014,83 /100,GAME,2019-03-29
926,Kingdom Come: Deliverance Special Edition,Steam,50€,24.73€,-51%,13 febrero 2018,83 /100,GAME,2019-03-29
927,Sword Art Online: Fatal Bullet Season Pass,Steam,25€,12.61€,-50%,23 febrero 2018,100 /100,DLC,2019-03-29
928,StarCraft 2: Heart of the Swarm (Europe),Battle.net,20€,5.15€,-74%,12 marzo 2013,93 /100,DLC,2019-03-29
929,The Walking Dead: Season Two,Steam,15€,14.77€,-1%,17 diciembre 2013,95 /100,GAME,2019-03-29
930,Max Payne 2: The Fall of Max Payne,Steam,10€,1.45€,-85%,14 octubre 2003,97 /100,GAME,2019-03-29
931,Shadow Warrior 2,Steam,37€,22.70€,-39%,13 octubre 2016,87 /100,GAME,2019-03-29
932,Titan Quest: Ragnarök,Steam,20€,7.99€,-60%,17 noviembre 2017,? /100,DLC,2019-03-29
933,Europa Universalis IV: Conquest of Paradise,Steam,15€,4.02€,-73%,14 enero 2014,? /100,DLC,2019-03-29
934,Assetto Corsa - Porsche Pack III,Steam,5€,3.90€,-22%,20 diciembre 2016,? /100,DLC,2019-03-29
935,Borderlands 2: Season Pass (Europe),Steam,30€,8.66€,-71%,20 septiembre 2012,79 /100,DLC,2019-03-29
936,Soulcalibur VI Season Pass,Steam,30€,23.21€,-23%,18 octubre 2018,83 /100,DLC,2019-03-29
937,RimWorld,Steam,30€,29.22€,-3%,17 octubre 2018,? /100,GAME,2019-03-29
938,Silent Hunter 5: Battle of the Atlantic,Uplay,10€,3.22€,-68%,N/A,80 /100,GAME,2019-03-29
939,Assassin's Creed: Liberation HD,Uplay,20€,3.35€,-83%,15 enero 2014,72 /100,GAME,2019-03-29
940,Madden NFL 19 Xbox ONE,Xbox,60€,19.99€,-67%,10 agosto 2018,70 /100,GAME,2019-03-29
941,Homeworld: Deserts of Kharak,Steam,46€,4.72€,-90%,20 enero 2016,? /100,GAME,2019-03-29
942,RollerCoaster Tycoon: Deluxe,Steam,6€,4.75€,-21%,31 marzo 1999,73 /100,GAME,2019-03-29
943,Wolfenstein II: The New Colossus Season Pass,Steam,20€,11.13€,-44%,27 octubre 2017,70 /100,DLC,2019-03-29
944,Company of Heroes,Steam,13€,4.09€,-69%,11 septiembre 2006,94 /100,GAME,2019-03-29
945,Kona,Steam,15€,2.16€,-86%, 1 marzo 2016,87 /100,GAME,2019-03-29
946,The Sims 4: Vintage Glamour Stuff Pack,Origin,10€,9.49€,-5%, 6 diciembre 2016,92 /100,DLC,2019-03-29
947,RollerCoaster Tycoon Mega Pack,Steam,20€,7.38€,-63%, 6 octubre 2016,69 /100,GAME,2019-03-29
948,Mafia III Season Pass (Europe),Steam,30€,10.91€,-64%, 7 octubre 2016,80 /100,DLC,2019-03-29
949,Amnesia: The Dark Descent,Steam,20€,1.26€,-94%, 8 septiembre 2010,92 /100,GAME,2019-03-29
950,Mordheim: City of the Damned,Steam,40€,4.38€,-89%,19 noviembre 2015,78 /100,GAME,2019-03-29
951,Dragon Age 2,Origin,14€,7.37€,-47%,10 marzo 2011,75 /100,GAME,2019-03-29
952,Shadow Warrior,Steam,35€,1.77€,-95%,26 septiembre 2013,90 /100,GAME,2019-03-29
953,Shift 2: Unleashed,Origin,20€,2.99€,-85%,30 marzo 2011,72 /100,GAME,2019-03-29
954,The Escapists 2: The Glorious Regime,Steam,4€,2.55€,-36%,21 agosto 2017,? /100,DLC,2019-03-29
955,Crusader Kings II: Sword of Islam,Steam,10€,7.02€,-30%,26 junio 2012,? /100,DLC,2019-03-29
956,Assetto Corsa - Porsche Pack I,Steam,5€,3.90€,-22%,25 octubre 2016,? /100,DLC,2019-03-29
957,SEUM: Speedrunners from Hell,Steam,15€,3.90€,-74%,28 julio 2016,? /100,GAME,2019-03-29
958,Pillars of Eternity: Definitive Edition,Steam,37€,14.29€,-61%,26 marzo 2015,91 /100,GAME,2019-03-29
959,Commandos Collection,Steam,15€,5.49€,-63%,28 agosto 1998,? /100,GAME,2019-03-29
960,The Sims 4: Noche de Cine Pack de Accesorios,Origin,10€,8.99€,-10%,12 enero 2016,100 /100,DLC,2019-03-29
961,BlazBlue: Cross Tag Battle,Steam,40€,17.30€,-57%, 5 junio 2018,80 /100,GAME,2019-03-29
962,One Piece: Pirate Warriors 3 Gold Edition,Steam,52€,11.87€,-77%,22 septiembre 2015,84 /100,GAME,2019-03-29
963,Universe Sandbox 2,Steam,21€,15.52€,-26%,24 agosto 2015,? /100,GAME,2019-03-29
964,Watch Dogs 2 Season Pass (Europe),Uplay,40€,16.41€,-59%,29 noviembre 2016,95 /100,DLC,2019-03-29
965,Punch Club,Steam,10€,2.14€,-79%, 8 enero 2016,84 /100,GAME,2019-03-29
966,Cityconomy: Service for your City,Steam,20€,5.98€,-70%, 2 diciembre 2015,82 /100,GAME,2019-03-29
967,EA Access Pass 12 Meses Xbox One ,Xbox,25€,22.99€,-8%,N/A,96 /100,GAME,2019-03-29
968,Unravel,Origin,20€,11.71€,-41%, 9 febrero 2016,89 /100,GAME,2019-03-29
969,Tales of Zestiria,Steam,50€,8.76€,-82%,20 octubre 2015,86 /100,GAME,2019-03-29
970,Saints Row 2,Steam,10€,2.73€,-73%,28 enero 2009,80 /100,GAME,2019-03-29
971,Project Cars,Steam,30€,6.43€,-79%, 6 mayo 2015,85 /100,GAME,2019-03-29
972,Sniper Elite III: Afrika: Season Pass,Steam,30€,8.87€,-70%,27 junio 2014,40 /100,DLC,2019-03-29
973,Medal of Honor: Warfighter,Origin,20€,4.28€,-79%,25 octubre 2012,69 /100,GAME,2019-03-29
974,3D Mark,Steam,25€,12.07€,-52%, 4 febrero 2013,? /100,GAME,2019-03-29
975,Warhammer: Vermintide 2 - Back to Ubersreik,Steam,8€,5.57€,-30%,10 diciembre 2018,? /100,DLC,2019-03-29
976,Civilization: Beyond Earth,Steam,40€,5.91€,-85%,24 octubre 2014,74 /100,GAME,2019-03-29
977,Sonic Adventure 2,Steam,8€,2.81€,-65%,19 noviembre 2012,100 /100,GAME,2019-03-29
978,Captain Toad: Treasure Tracker Switch (Europe),Nintendo,40€,31.99€,-20%,13 julio 2018,90 /100,GAME,2019-03-29
979,Men of War: Assault Squad 2 (Deluxe Edition),Steam,25€,5.79€,-77%,15 mayo 2014,85 /100,GAME,2019-03-29
980,Mass effect 3 Deluxe Edition,Origin,30€,10.98€,-63%, 6 marzo 2012,89 /100,GAME,2019-03-29
981,Turmoil: The Heat Is On,Steam,5€,2.87€,-42%,21 marzo 2018,? /100,DLC,2019-03-29
982,Stormworks: Build and Rescue,Steam,17€,12.75€,-24%,28 febrero 2018,80 /100,GAME,2019-03-29
983,Rogue Legacy,Steam,12€,4.02€,-65%,27 junio 2013,? /100,GAME,2019-03-29
984,Bayonetta,Steam,20€,6.62€,-67%,11 abril 2017,93 /100,GAME,2019-03-29
985,Battlefield 1 - Hellfighter Pack,Origin,5€,2.50€,-50%,21 octubre 2016,86 /100,DLC,2019-03-29
986,Sins of a Solar Empire: Rebellion,Steam,40€,2.80€,-93%,12 junio 2012,100 /100,GAME,2019-03-29
987,Tyranny Commander Edition,Steam,30€,8.49€,-72%,10 noviembre 2016,90 /100,GAME,2019-03-29
988,RollerCoaster Tycoon World,Steam,15€,4.99€,-67%,30 marzo 2016,42 /100,GAME,2019-03-29
989,Syberia,Steam,13€,1.01€,-92%, 1 septiembre 2002,92 /100,GAME,2019-03-29
990,Mini Metro,Steam,8€,2.55€,-69%, 6 noviembre 2015,88 /100,GAME,2019-03-29
991,Total War: Shogun 2: Fall of the Samurai,Steam,30€,7.49€,-75%,22 marzo 2012,88 /100,GAME,2019-03-29
992,War for the Overworld,Steam,28€,4.18€,-85%, 2 abril 2015,96 /100,GAME,2019-03-29
993,Final Fantasy XIV: Heavensward (Europe),Official Website,15€,13.98€,-7%,23 junio 2015,88 /100,DLC,2019-03-29
994,The Evil Within: Season Pass,Steam,10€,5.08€,-49%,13 octubre 2014,90 /100,DLC,2019-03-29
995,Lego Batman 3: Beyond Gotham,Steam,30€,2.00€,-93%,12 noviembre 2014,80 /100,GAME,2019-03-29
996,Ultra Street Fighter IV (Europe),Steam,28€,4.91€,-82%, 7 agosto 2014,89 /100,GAME,2019-03-29
997,Battlefield Bundle,Origin,249€,65.23€,-74%,20 noviembre 2018,76 /100,GAME,2019-03-29
998,Max Payne 3: Rockstar Pass,Steam,15€,1.06€,-93%,31 mayo 2012,88 /100,DLC,2019-03-29
