,name,platform,original_price(€),discounted_price(€),discount(%),release_date,users_rating,category,extraction_date
0,The Division 2 (Europe),Uplay,60,43.79,27,15 marzo 2019,81 /100,GAME,31 marzo 2019
1,Grand Theft Auto V,Rockstar,30,11.59,61,14 abril 2015,88 /100,GAME,31 marzo 2019
2,Sekiro: Shadows Die Twice (Europe),Steam,60,51.69,14,22 marzo 2019,86 /100,GAME,31 marzo 2019
3,Guild Wars 2: 2000 Gems,Ncsoft,25,16.81,33,28 agosto 2012,91 /100,DLC,31 marzo 2019
4,Battlefield 5,Origin,60,28.98,52,20 noviembre 2018,76 /100,GAME,31 marzo 2019
5,Outward,Steam,40,33.98,15,26 marzo 2019,80 /100,GAME,31 marzo 2019
6,Suscripción Xbox Live Gold 12 Meses,Xbox,60,38.99,35,N/A,96 /100,GAME,31 marzo 2019
7,Tropico 6 (Europe),Steam,50,30.69,39,29 marzo 2019,80 /100,GAME,31 marzo 2019
8,Grand Theft Auto V: Premium Online Edition,Rockstar,35,14.90,57,14 abril 2015,88 /100,GAME,31 marzo 2019
9,Borderlands 2 (Game of the Year Edition) (Europe),Steam,45,4.95,89,12 octubre 2010,92 /100,GAME,31 marzo 2019
10,World of Warcraft: Tarjeta 60 Días (Europe),Battle.net,30,21.32,29,29 noviembre 2004,94 /100,DLC,31 marzo 2019
11,Sea of Thieves (PC / Xbox ONE),Xbox Play Anywhere,70,39.89,43,20 marzo 2018,80 /100,GAME,31 marzo 2019
12,FIFA 19: 2200 FUT Points,Origin,20,14.54,27,28 septiembre 2018,62 /100,DLC,31 marzo 2019
13,Forza Horizon 4 (PC / Xbox ONE),Xbox Play Anywhere,70,34.99,50, 2 octubre 2018,89 /100,GAME,31 marzo 2019
14,Rocket League,Steam,20,7.98,60, 7 julio 2015,92 /100,GAME,31 marzo 2019
15,Ark: Survival Evolved,Steam,55,14.24,74,29 agosto 2017,78 /100,GAME,31 marzo 2019
16,Football Manager 2019 (Europe),Steam,55,19.20,65, 2 noviembre 2018,86 /100,GAME,31 marzo 2019
17,Generation Zero,Steam,35,28.95,17,26 marzo 2019,51 /100,GAME,31 marzo 2019
18,Call of Duty: Black Ops II,Steam,60,6.86,89,13 noviembre 2012,87 /100,GAME,31 marzo 2019
19,Euro Truck Simulator 2,Steam,20,4.98,75,19 octubre 2012,91 /100,GAME,31 marzo 2019
20,Los Sims 4 (Europe),Origin,40,11.99,70, 4 septiembre 2014,82 /100,GAME,31 marzo 2019
21,Call of Duty: Black Ops III + Nuketown,Steam,60,8.26,86, 5 noviembre 2015,79 /100,GAME,31 marzo 2019
22,Tom Clancy's Rainbow Six Siege (Europe),Uplay,40,12.98,68, 1 diciembre 2015,86 /100,GAME,31 marzo 2019
23,The Division 2 Xbox ONE,Xbox,70,50.99,27,15 marzo 2019,81 /100,GAME,31 marzo 2019
24,Human: Fall Flat,Steam,15,3.29,78,22 julio 2016,86 /100,GAME,31 marzo 2019
25,Tropico 6 El Prez Edition (Europe),Steam,55,36.49,34,29 marzo 2019,80 /100,GAME,31 marzo 2019
26,Metro: Exodus (Europe),Epic Games,60,37.98,37,15 febrero 2019,80 /100,GAME,31 marzo 2019
27,F1 2018,Steam,55,12.85,77,24 agosto 2018,90 /100,GAME,31 marzo 2019
28,Suscripción Xbox Live Gold 3 Meses,Xbox,20,13.99,30,N/A,96 /100,GAME,31 marzo 2019
29,FIFA 19,Origin,60,26.41,56,28 septiembre 2018,66 /100,GAME,31 marzo 2019
30,Grid 2,Steam,25,1.01,96,31 mayo 2013,80 /100,GAME,31 marzo 2019
31,Xbox Live Gold 14 Days Membership (Only New Accounts),Xbox,4,1.99,50,N/A,96 /100,GAME,31 marzo 2019
32,Suscripción Xbox Live Gold 1 Mes,Xbox,7,6.73,4,N/A,96 /100,GAME,31 marzo 2019
33,Yoshi's Crafted World Switch (Europe),Nintendo,60,47.99,20,29 marzo 2019,? /100,GAME,31 marzo 2019
34,Farming Simulator 19,Steam,35,26.39,25,20 noviembre 2018,87 /100,GAME,31 marzo 2019
35,Los Sims 4: ¡Rumbo a la Fama! ,Origin,40,15.98,60,16 noviembre 2018,91 /100,DLC,31 marzo 2019
36,Gears of War 4 (PC / Xbox One),Xbox Play Anywhere,70,6.75,90,11 octubre 2016,71 /100,GAME,31 marzo 2019
37,Playerunknown's Battlegrounds,Steam,30,20.16,33,21 diciembre 2017,83 /100,GAME,31 marzo 2019
38,Sid Meier's Civilization VI: Gathering Storm (Europe),Steam,40,27.44,31,14 febrero 2019,93 /100,DLC,31 marzo 2019
39,Euro Truck Simulator 2: Beyond the Baltic Sea,Steam,18,8.41,53,29 noviembre 2018,97 /100,DLC,31 marzo 2019
40,Fortnite Bomber Skin + 500 V-bucks PS4 (Europe),Playstation,80,13.99,83,25 julio 2017,73 /100,GAME,31 marzo 2019
41,Dead by Daylight,Steam,20,8.71,56,14 junio 2016,83 /100,GAME,31 marzo 2019
42,The Elder Scrolls V: Skyrim Special Edition,Steam,40,13.14,67,28 octubre 2016,94 /100,GAME,31 marzo 2019
43,Titanfall 2,Origin,60,9.49,84,28 octubre 2016,88 /100,GAME,31 marzo 2019
44,Assassin's Creed Odyssey (Europe),Uplay,60,24.75,59, 5 octubre 2018,85 /100,GAME,31 marzo 2019
45,Far Cry New Dawn (Europe),Uplay,45,19.98,56,15 febrero 2019,74 /100,GAME,31 marzo 2019
46,Minecraft,Official Website,24,20.80,13,19 noviembre 2011,89 /100,GAME,31 marzo 2019
47,Devil May Cry 5 (Europe),Steam,60,35.49,41, 8 marzo 2019,90 /100,GAME,31 marzo 2019
48,Dark Souls 3 Deluxe Edition,Steam,85,17.49,79,12 abril 2016,92 /100,GAME,31 marzo 2019
49,Call of Duty: Modern Warfare 3 (Europe),Steam,40,5.92,85, 8 noviembre 2011,85 /100,GAME,31 marzo 2019
50,Civilization VI (Europe),Steam,60,10.37,83,21 octubre 2016,86 /100,GAME,31 marzo 2019
51,Borderlands: The Pre-Sequel (Europe),Steam,40,6.48,84,16 octubre 2014,85 /100,GAME,31 marzo 2019
52,Los Sims 4: Perros y Gatos,Origin,40,15.49,61,10 noviembre 2017,91 /100,DLC,31 marzo 2019
53,For the King,Steam,20,2.41,88,28 febrero 2017,87 /100,GAME,31 marzo 2019
54,Xbox Game Pass 1 Month Trial Xbox ONE (Only New Accounts),Xbox,10,1.99,80,N/A,99 /100,GAME,31 marzo 2019
55,Euro Truck Simulator 2: Italia,Steam,18,6.55,64, 5 diciembre 2017,95 /100,DLC,31 marzo 2019
56,Doom,Steam,20,6.88,66,13 mayo 2016,91 /100,GAME,31 marzo 2019
57,Overwatch Legendary Edition,Battle.net,40,23.20,42,24 julio 2018,90 /100,GAME,31 marzo 2019
58,Tarjeta PlayStation Network 50€ (España) (ES),Playstation,50,43.99,12,N/A,96 /100,GAME,31 marzo 2019
59,Star Wars: Battlefront 2,Origin,60,12.11,80,17 noviembre 2017,70 /100,GAME,31 marzo 2019
60,Tarjeta regalo Xbox Live 10€ (zona euro),Xbox,10,9.79,2,N/A,95 /100,GAME,31 marzo 2019
61,Total War: Warhammer II (Europe),Steam,60,14.63,76,28 septiembre 2017,88 /100,GAME,31 marzo 2019
62,Conan Exiles,Steam,40,14.55,64, 8 mayo 2018,75 /100,GAME,31 marzo 2019
63,Office Hogar y Estudiante 2016,Software,149,14.49,90,22 septiembre 2015,84 /100,GAME,31 marzo 2019
64,Los Sims 4: Y Las Cuatro Estaciones,Origin,40,16.98,57,22 junio 2018,92 /100,DLC,31 marzo 2019
65,Mortal Kombat XL,Steam,20,5.49,73,13 abril 2015,85 /100,GAME,31 marzo 2019
66,Cities: Skylines,Steam,28,6.19,78,10 marzo 2015,88 /100,GAME,31 marzo 2019
67,Euro Truck Simulator 2: Vive la France,Steam,18,4.19,77, 5 diciembre 2016,93 /100,DLC,31 marzo 2019
68,Civilization VI: Rise and Fall (Europe),Steam,30,11.94,60, 8 febrero 2018,91 /100,DLC,31 marzo 2019
69,Watch Dogs 2 (Europe),Uplay,60,8.55,86,29 noviembre 2016,80 /100,GAME,31 marzo 2019
70,Call of Duty: Black Ops 4 (Europe),Battle.net,60,31.56,47,12 octubre 2018,68 /100,GAME,31 marzo 2019
71,Xbox Live Gold 12 Month Membership (Europe),Xbox,60,37.99,37,N/A,100 /100,GAME,31 marzo 2019
72,Call of Duty: Modern Warfare 2 (Europe),Steam,20,5.74,71,10 noviembre 2009,89 /100,GAME,31 marzo 2019
73,Stardew Valley,Steam,14,11.65,17,26 febrero 2016,93 /100,GAME,31 marzo 2019
74,PlayStation Plus - 14 Days Trial Only New Accounts (Europe),Playstation,,3.99,/, 1 enero 2010,? /100,GAME,31 marzo 2019
75,Los Sims 3,Official Website,32,3.83,88, 4 junio 2009,84 /100,GAME,31 marzo 2019
76,Assassin's Creed Odyssey Gold Edition Xbox ONE,Xbox,100,38.78,61, 5 octubre 2018,85 /100,GAME,31 marzo 2019
77,Resident Evil 2 Biohazard RE:2 (Europe),Steam,60,28.29,53,25 enero 2019,93 /100,GAME,31 marzo 2019
78,Guild Wars 2: Path of Fire,Ncsoft,30,16.49,45,22 septiembre 2017,91 /100,GAME,31 marzo 2019
79,FIFA 19 Xbox ONE,Xbox,70,24.99,64,28 septiembre 2018,66 /100,GAME,31 marzo 2019
80,Dark Souls 3,Steam,60,11.98,80,12 abril 2016,92 /100,GAME,31 marzo 2019
81,Far Cry 5 (Europe),Uplay,60,19.98,67,27 marzo 2018,77 /100,GAME,31 marzo 2019
82,Nioh: Complete Edition (Europe),Steam,50,18.39,63, 7 noviembre 2017,76 /100,GAME,31 marzo 2019
83,Mortal Kombat 11 (Beta Access) PS4 (Europe),Playstation,,2.09,/,28 marzo 2019,? /100,DLC,31 marzo 2019
84,Fortnite Eon Cosmetic Set + 2000 V-Bucks Xbox ONE,Xbox,100,42.89,57,26 septiembre 2018,87 /100,GAME,31 marzo 2019
85,Fallout 4 GOTY Edition,Steam,40,12.12,70,25 septiembre 2017,88 /100,GAME,31 marzo 2019
86,Tarjeta regalo Xbox Live 50€ (zona euro),Xbox,50,47.49,5,N/A,95 /100,GAME,31 marzo 2019
87,Call of Duty: Black Ops (Europe),Steam,40,6.49,84, 9 noviembre 2010,88 /100,GAME,31 marzo 2019
88,Euro Truck Simulator 2: Scandinavia,Steam,18,4.05,77, 6 mayo 2015,94 /100,DLC,31 marzo 2019
89,Payday 2,Steam,10,4.36,56,13 agosto 2013,88 /100,GAME,31 marzo 2019
90,Battlefield 5 Deluxe Edition Xbox ONE,Xbox,90,29.79,67,18 noviembre 2018,76 /100,GAME,31 marzo 2019
91,ARK: Survival Evolved Season Pass,Steam,40,18.24,54,29 agosto 2017,95 /100,DLC,31 marzo 2019
92,Arma 3 (Europe),Steam,35,18.89,46,12 septiembre 2013,87 /100,GAME,31 marzo 2019
93,The Sims 4: Urbanitas,Origin,40,16.49,59, 3 noviembre 2016,90 /100,DLC,31 marzo 2019
94,TrackMania² Stadium,Steam,10,4.70,53,27 febrero 2013,88 /100,GAME,31 marzo 2019
95,FIFA 19: 12000 FUT Points Xbox ONE,Xbox,100,84.89,15,28 septiembre 2018,? /100,DLC,31 marzo 2019
96,Borderlands GOTY Edition,Steam,20,6.75,66, 8 octubre 2010,90 /100,GAME,31 marzo 2019
97,EA Access Pass 1 Mes Xbox One,Xbox,4,2.99,25,N/A,96 /100,GAME,31 marzo 2019
98,Tarjeta regalo Xbox Live 25€ (zona euro),Xbox,25,23.99,4,N/A,95 /100,GAME,31 marzo 2019
99,Civilization VI Deluxe Edition (Europe),Steam,80,13.13,84,21 octubre 2016,86 /100,GAME,31 marzo 2019
100,DiRT Rally 2.0,Steam,55,25.98,53,26 febrero 2019,79 /100,GAME,31 marzo 2019
101,Civilization V: Complete Edition,Steam,45,7.38,84,23 septiembre 2010,89 /100,GAME,31 marzo 2019
102,Dying Light: The Following - Enhanced Edition (Europe),Steam,30,14.04,53, 9 febrero 2016,90 /100,GAME,31 marzo 2019
103,HearthStone: Heroes of WarCraft 5x Booster Pack,Battle.net,7,1.01,85,12 marzo 2014,87 /100,DLC,31 marzo 2019
104,The Elder Scrolls Online: Tamriel Unlimited 3000 Crown Pack,Official Website,21,17.69,16,N/A,69 /100,DLC,31 marzo 2019
105,Assetto Corsa,Steam,20,9.47,53,19 diciembre 2014,85 /100,GAME,31 marzo 2019
106,Fallout 76 (Europe),Official Website,60,15.99,73,14 noviembre 2018,54 /100,GAME,31 marzo 2019
107,Kingdom Come: Deliverance,Steam,50,18.09,64,13 febrero 2018,83 /100,GAME,31 marzo 2019
108,The Elder Scrolls V: Skyrim Legendary Edition (Europe),Steam,45,8.19,82, 7 junio 2013,94 /100,GAME,31 marzo 2019
109,Terraria,Steam,10,6.20,38,16 mayo 2011,90 /100,GAME,31 marzo 2019
110,The Sims 4: Get Together,Origin,40,11.49,71,10 diciembre 2015,79 /100,DLC,31 marzo 2019
111,Grand Theft Auto Online: Great White Shark Cash Card,Rockstar,15,10.28,31,14 abril 2015,88 /100,DLC,31 marzo 2019
112,Tom Clancy's Rainbow Six Siege Year 4 Pass (Europe),Uplay,30,26.49,12, 5 marzo 2019,87 /100,DLC,31 marzo 2019
113,The Crew 2 (Europe),Uplay,60,15.81,74,29 junio 2018,76 /100,GAME,31 marzo 2019
114,Battlefield 4: Premium Edition (juego incluido + all DLC) (Europe),Origin,70,13.23,81,24 octubre 2014,85 /100,GAME,31 marzo 2019
115,Fortnite Deep Freeze Bundle PC,Epic Games,30,15.81,47, 6 diciembre 2018,86 /100,GAME,31 marzo 2019
116,Tarjeta Nintendo eShop 15€ (Europe),Nintendo,15,14.39,4,N/A,100 /100,GAME,31 marzo 2019
117,Northgard,Steam,28,10.15,64,22 febrero 2017,88 /100,GAME,31 marzo 2019
118,Tropico 5 Complete Collection,Steam,40,7.20,82,N/A,84 /100,GAME,31 marzo 2019
119,Ghost Recon: Wildlands (Europe),Uplay,50,18.99,62, 7 marzo 2017,83 /100,GAME,31 marzo 2019
120,Command & Conquer: The Ultimate Collection,Origin,30,5.71,81, 4 octubre 2012,86 /100,GAME,31 marzo 2019
121,Pc Building Simulator,Steam,20,10.08,50,N/A,84 /100,GAME,31 marzo 2019
122,Grand Theft Auto Online: Tiger Shark Cash Card,Rockstar,4,2.89,28,14 abril 2015,87 /100,DLC,31 marzo 2019
123,One Piece World Seeker,Steam,50,34.98,30,15 marzo 2019,61 /100,GAME,31 marzo 2019
124,Age of Empires: Definitive Edition,Official Website,20,8.89,56,20 febrero 2018,62 /100,GAME,31 marzo 2019
125,Tarjeta PlayStation Network 20€ (España) (ES),Playstation,20,17.99,10,N/A,96 /100,DLC,31 marzo 2019
126,The Division 2 Ultimate Edition (Europe),Uplay,120,89.98,25,12 marzo 2019,80 /100,GAME,31 marzo 2019
127,World of Warcraft: Battle for Azeroth (Europe),Battle.net,45,29.54,34,14 agosto 2018,86 /100,DLC,31 marzo 2019
128,Skyrim 3 Addon Pack: Dawnguard + Dragonborn + Hearthfire,Steam,45,5.73,87,2013,96 /100,DLC,31 marzo 2019
129,Middle-earth: Shadow of War Definitive Edition,Steam,50,11.34,77,28 agosto 2018,84 /100,GAME,31 marzo 2019
130,The Escapists 2,Steam,20,7.99,60,21 agosto 2017,93 /100,GAME,31 marzo 2019
131,Frostpunk (Europe),Steam,30,13.98,53,24 abril 2018,87 /100,GAME,31 marzo 2019
132,NBA 2K19 (Europe),Steam,50,18.99,62,10 septiembre 2018,69 /100,GAME,31 marzo 2019
133,Battlefield 1,Origin,60,9.49,84,21 octubre 2016,85 /100,GAME,31 marzo 2019
134,FIFA 19: 4600 FUT Points Xbox ONE,Xbox,40,34.99,13,28 septiembre 2018,? /100,DLC,31 marzo 2019
135,Total War: Warhammer,Steam,60,11.44,81,24 mayo 2016,84 /100,GAME,31 marzo 2019
136,Dragon Ball FighterZ,Steam,60,18.34,69,26 enero 2018,87 /100,GAME,31 marzo 2019
137,For Honor (Europe),Uplay,30,10.93,64,14 febrero 2017,78 /100,GAME,31 marzo 2019
138,Battlefield 4 (Europe),Origin,20,6.22,69,31 octubre 2013,85 /100,GAME,31 marzo 2019
139,Xbox Live Gold 3 Month Membership (Europe),Xbox,20,12.99,35,N/A,100 /100,GAME,31 marzo 2019
140,Insurgency: Sandstorm,Steam,30,21.94,27,12 diciembre 2018,78 /100,GAME,31 marzo 2019
141,World of Warcraft: Tarjeta 30 Días (Europe),Battle.net,13,10.99,15,29 noviembre 2004,94 /100,DLC,31 marzo 2019
142,Dark Souls 2: Scholar of the First Sin,Steam,40,7.99,80, 2 abril 2015,87 /100,GAME,31 marzo 2019
143,Space Engineers (Europe),Steam,17,8.85,48,23 octubre 2013,86 /100,GAME,31 marzo 2019
144,Tarjeta Nintendo eShop 25€ (Europe),Nintendo,25,23.99,4,N/A,98 /100,GAME,31 marzo 2019
145,Car Mechanic Simulator 2018,Steam,20,8.57,57,28 julio 2017,76 /100,GAME,31 marzo 2019
146,The Legend of Zelda: Breath of the Wild Switch (Europe),Nintendo,70,54.99,21, 3 marzo 2017,94 /100,GAME,31 marzo 2019
147,Shadow of the Tomb Raider,Steam,60,21.88,64,14 septiembre 2018,90 /100,GAME,31 marzo 2019
148,Worms: Weapons of Mass Destruction,Steam,30,6.89,77,23 agosto 2016,93 /100,GAME,31 marzo 2019
149,The Division (Europe),Uplay,50,13.99,72, 8 marzo 2016,79 /100,GAME,31 marzo 2019
150,Call of Duty: World War II (Europe),Steam,60,14.98,75, 3 noviembre 2017,68 /100,GAME,31 marzo 2019
151,Super Smash Bros. Ultimate Switch (Europe),Nintendo,70,54.99,21, 7 diciembre 2018,90 /100,GAME,31 marzo 2019
152,Anno 1800 (Europe),Uplay,60,43.98,27,16 abril 2019,? /100,GAME,31 marzo 2019
153,Forza Motorsport 7 (PC / Xbox ONE),Xbox Play Anywhere,50,25.99,48, 3 octubre 2017,69 /100,GAME,31 marzo 2019
154,7 Days to Die,Steam,23,15.51,33,13 diciembre 2013,86 /100,GAME,31 marzo 2019
155,The Witcher 3: Wild Hunt GOTY,GOG.com,50,14.98,70,30 agosto 2016,95 /100,GAME,31 marzo 2019
156,Hearts of Iron: Man The Guns,Steam,20,10.03,50,28 febrero 2019,100 /100,DLC,31 marzo 2019
157,Xbox Game Pass 3 Months Xbox ONE,Xbox,30,19.99,33,N/A,99 /100,GAME,31 marzo 2019
158,Hitman 2,Steam,60,19.29,68,13 noviembre 2018,86 /100,GAME,31 marzo 2019
159,Guild Wars 2: Heart of Thorns,Ncsoft,30,15.29,49, 5 julio 2015,88 /100,GAME,31 marzo 2019
160,Dishonored 2,Steam,40,6.95,83,11 noviembre 2016,85 /100,GAME,31 marzo 2019
161,Two Point Hospital (Europe),Steam,35,21.64,38,30 agosto 2018,87 /100,GAME,31 marzo 2019
162,Euro Truck Simulator 2: Going East,Steam,10,3.40,66,19 septiembre 2013,95 /100,DLC,31 marzo 2019
163,Mount and Blade: Warband (Europe),Steam,20,1.88,91,31 marzo 2010,92 /100,GAME,31 marzo 2019
164,The Elder Scrolls V: Skyrim (Europe),Steam,15,5.31,65,11 noviembre 2011,94 /100,GAME,31 marzo 2019
165,Tarjeta regalo Xbox Live 15€ (zona euro),Xbox,15,14.50,3,N/A,95 /100,GAME,31 marzo 2019
166,Battlefield 1 Revolution Edition ,Origin,60,11.49,81,22 agosto 2017,85 /100,GAME,31 marzo 2019
167,Final Fantasy XIV Online Complete Edition (Europe),Official Website,40,21.64,46,20 junio 2017,90 /100,GAME,31 marzo 2019
168,Borderlands: The Pre-Sequel: Season Pass,Steam,30,7.36,75,30 septiembre 2014,85 /100,DLC,31 marzo 2019
169,Hitman 2 Gold Edition,Steam,90,26.49,71,13 noviembre 2018,86 /100,GAME,31 marzo 2019
170,Assassin's Creed: Unity Xbox ONE,Xbox,60,1.79,97,13 noviembre 2014,79 /100,GAME,31 marzo 2019
171,Tarjeta PlayStation Network 10€ (España) (ES),Playstation,10,9.09,9,N/A,96 /100,GAME,31 marzo 2019
172,Killing Floor 2 Digital Deluxe Edition,Steam,37,4.91,87,18 noviembre 2016,88 /100,GAME,31 marzo 2019
173,Grand Theft Auto Online: Whale Shark Cash Card,Rockstar,38,24.26,36,14 abril 2015,87 /100,DLC,31 marzo 2019
174,Mortal Kombat 11 (Beta Access) Xbox ONE,Xbox,,2.49,/,28 marzo 2019,? /100,DLC,31 marzo 2019
175,Nintendo Membership 12 Month (Individual) (Europe),Nintendo,20,17.99,10,19 septiembre 2018,88 /100,GAME,31 marzo 2019
176,Super Dragon Ball Heroes World Mission,Steam,50,35.98,28, 4 abril 2019,? /100,GAME,31 marzo 2019
177,Batman: Arkham Knight,Steam,20,4.49,78,23 junio 2015,84 /100,GAME,31 marzo 2019
178,Euro Truck Simulator 2: Special Transport,Steam,5,3.99,20,13 diciembre 2017,? /100,DLC,31 marzo 2019
179,Stellaris,Steam,40,6.99,83, 9 mayo 2016,85 /100,GAME,31 marzo 2019
180,Spintires,Steam,10,2.57,74,12 junio 2014,83 /100,GAME,31 marzo 2019
181,Dead Cells,Steam,25,14.79,41,10 mayo 2017,91 /100,GAME,31 marzo 2019
182,Wolfenstein: The New Order,Steam,20,3.60,82,19 mayo 2014,90 /100,GAME,31 marzo 2019
183,We. The Revolution,Steam,20,16.49,18,21 marzo 2019,80 /100,GAME,31 marzo 2019
184,XCOM 2 (Europe),Steam,50,8.79,82, 4 febrero 2016,89 /100,GAME,31 marzo 2019
185,Euro Truck Simulator 2 Gold Edition,Steam,16,6.04,62,19 octubre 2012,91 /100,GAME,31 marzo 2019
186,World of Warcraft: Battle Chest (Europe),Battle.net,15,8.39,44, 2 octubre 2007,92 /100,GAME,31 marzo 2019
187,PlayStation Plus - Suscripción 365 días (España) (ES),Playstation,60,47.99,20,N/A,98 /100,GAME,31 marzo 2019
188,Crusader Kings II,Steam,40,2.22,94,14 febrero 2012,91 /100,GAME,31 marzo 2019
189,New Super Mario Bros. U Deluxe Switch (Europe),Nintendo,60,47.99,20,11 enero 2019,90 /100,GAME,31 marzo 2019
190,The Elder Scrolls Online: Summerset,Official Website,20,9.58,52,21 mayo 2018,67 /100,DLC,31 marzo 2019
191,DiRT 3 Complete Edition,Steam,20,1.01,95,24 mayo 2011,89 /100,GAME,31 marzo 2019
192,Wolfenstein II: The New Colossus,Steam,60,11.97,80,27 octubre 2017,85 /100,GAME,31 marzo 2019
193,Need for Speed,Origin,40,8.59,79,17 marzo 2016,70 /100,GAME,31 marzo 2019
194,Final Fantasy XIV: A Realm Reborn 60-day time card (Europe),Official Website,26,23.98,8,27 agosto 2013,94 /100,DLC,31 marzo 2019
195,Final Fantasy XV Windows Edition,Steam,50,18.99,62, 6 marzo 2018,84 /100,GAME,31 marzo 2019
196,F1 2015,Steam,35,1.23,96,10 julio 2015,74 /100,GAME,31 marzo 2019
197,Project Cars 2,Steam,60,11.76,80,22 septiembre 2017,78 /100,GAME,31 marzo 2019
198,Devil May Cry 5 Deluxe Edition,Steam,71,47.75,33, 8 marzo 2019,90 /100,GAME,31 marzo 2019
199,Total War: Warhammer II Curse Of The Vampire Coast (Europe),Steam,17,13.71,22, 8 noviembre 2018,90 /100,DLC,31 marzo 2019
200,Grand Theft Auto Online: Megalodon Shark Cash Card,Rockstar,75,44.98,40,14 abril 2015,87 /100,DLC,31 marzo 2019
201,Los Sims 4: ¡A Trabajar!,Origin,40,14.09,65, 2 abril 2015,87 /100,DLC,31 marzo 2019
202,Warhammer: Vermintide 2,Steam,28,10.89,61, 8 marzo 2018,87 /100,GAME,31 marzo 2019
203,Office Professional Plus 2016,Software,400,28.98,93,22 septiembre 2017,84 /100,GAME,31 marzo 2019
204,Pro Evolution Soccer 2019 (Europe),Steam,50,13.20,74,30 agosto 2018,66 /100,GAME,31 marzo 2019
205,Simcity (Europe),Origin,62,6.28,90, 7 marzo 2013,78 /100,GAME,31 marzo 2019
206,Dying Light,Steam,30,10.06,66,27 enero 2015,90 /100,GAME,31 marzo 2019
207,Outlast,STEAM,17,2.36,86, 4 septiembre 2013,94 /100,GAME,31 marzo 2019
208,Dead By Daylight Deluxe,Steam,20,10.99,45,14 junio 2016,83 /100,GAME,31 marzo 2019
209,Kingdom Come: Deliverance From the Ashes,Steam,10,3.66,63, 5 julio 2018,75 /100,DLC,31 marzo 2019
210,Diablo III (Europe),Battle.net,20,9.09,55,15 mayo 2012,89 /100,GAME,31 marzo 2019
211,Assassin's Creed IV: Black Flag (Europe),Uplay,20,4.24,79,29 octubre 2013,86 /100,GAME,31 marzo 2019
212,Kerbal Space Program,Steam,40,8.29,79,27 abril 2015,94 /100,GAME,31 marzo 2019
213,Killing Floor 2,Steam,28,3.74,87,21 abril 2015,88 /100,GAME,31 marzo 2019
214,Worms Revolution,Steam,15,1.37,91,10 octubre 2012,87 /100,GAME,31 marzo 2019
215,Forza Horizon 4 Fortune Island (PC / Xbox ONE),Xbox Play Anywhere,20,17.99,10,13 diciembre 2018,? /100,DLC,31 marzo 2019
216,Stellaris: MegaCorp,Steam,20,9.47,53, 6 diciembre 2018,93 /100,DLC,31 marzo 2019
217,Xbox Live Gold 48h Membership (Only New Accounts),Xbox,3,1.49,50,N/A,96 /100,GAME,31 marzo 2019
218,Diablo III Battle Chest,Battle.net,30,18.99,37,22 noviembre 2016,89 /100,GAME,31 marzo 2019
219,Insurgency,Steam,10,1.19,88,22 enero 2014,85 /100,GAME,31 marzo 2019
220,Mutant Year Zero: Road to Eden,Steam,35,9.51,73, 4 diciembre 2018,? /100,GAME,31 marzo 2019
221,Fallout 76 Xbox ONE,Xbox,70,17.99,74,14 noviembre 2018,54 /100,GAME,31 marzo 2019
222,Los Sims 3: y las Cuatro Estaciones (Europe),Official Website,40,3.68,91,16 noviembre 2012,88 /100,DLC,31 marzo 2019
223,Planet Coaster,Steam,38,20.47,46,30 mayo 2017,88 /100,GAME,31 marzo 2019
224,Fortnite Deep Freeze Bundle PS4 (Europe),Playstation,30,15.99,47,16 noviembre 2018,86 /100,GAME,31 marzo 2019
225,American Truck Simulator,Steam,20,3.97,80, 2 febrero 2016,89 /100,GAME,31 marzo 2019
226,Star Wars: The Old Republic 60 days,Official Website,27,23.16,14,20 diciembre 2011,90 /100,DLC,31 marzo 2019
227,Mario Kart 8 Deluxe Switch (Europe),Nintendo,60,47.99,20,28 abril 2017,98 /100,GAME,31 marzo 2019
228,Los Sims 3 : ¡Vaya Fauna! (Europe),Official Website,40,3.73,91,20 octubre 2011,80 /100,DLC,31 marzo 2019
229,Dark Souls 3: Season Pass,Steam,25,10.70,57,12 abril 2016,94 /100,DLC,31 marzo 2019
230,Los Sims 3: Movida en la facultad,Official Website,40,4.14,90, 7 marzo 2013,84 /100,DLC,31 marzo 2019
231,Overcooked! 2,Steam,23,12.73,45, 7 agosto 2018,90 /100,GAME,31 marzo 2019
232,Need for Speed: Payback,Origin,60,13.80,77,10 noviembre 2017,76 /100,GAME,31 marzo 2019
233,Fortnite Scorpion Skin + 1000 V-Bucks PS4 (Europe),Playstation,20,17.99,10,16 octubre 2018,73 /100,GAME,31 marzo 2019
234,Far Cry 4 (Europe),Uplay,30,9.02,70,18 noviembre 2014,84 /100,GAME,31 marzo 2019
235,The Sims 4: Bundle Pack 6,Origin,30,17.96,40,16 marzo 2018,92 /100,DLC,31 marzo 2019
236,Gauntlet,Steam,20,1.79,91,23 septiembre 2014,84 /100,GAME,31 marzo 2019
237,Crash Bandicoot: N. Sane Trilogy (Europe),Steam,40,14.15,65,29 junio 2018,94 /100,GAME,31 marzo 2019
238,Grand Theft Auto Online: Great White Shark Cash Card PS4 (Europe),Playstation,15,10.99,27,14 abril 2015,90 /100,DLC,31 marzo 2019
239,Fallout 3: GOTY Edition,Steam,20,3.80,81,13 octubre 2009,86 /100,GAME,31 marzo 2019
240,Cities: Skylines Platinum Edition,Steam,60,15.19,75,24 mayo 2018,88 /100,GAME,31 marzo 2019
241,The Sims 4: Bundle Pack 5,Origin,40,18.87,53,22 junio 2017,94 /100,DLC,31 marzo 2019
242,The Legend of Zelda: Breath of the Wild Expansion Pass Switch (Europe),Nintendo,20,16.99,15, 3 marzo 2017,98 /100,DLC,31 marzo 2019
243,Anthem,Origin,60,39.98,33,22 febrero 2019,65 /100,GAME,31 marzo 2019
244,Zoo Tycoon: Ultimate Animal Collection,Steam,17,10.99,35,14 septiembre 2018,63 /100,GAME,31 marzo 2019
245,Scribblenauts Unlimited,Steam,20,1.99,90,15 febrero 2013,90 /100,GAME,31 marzo 2019
246,Tricky Towers,Steam,15,5.82,61, 2 agosto 2016,95 /100,GAME,31 marzo 2019
247,Apex Legends: 1000 Apex Coins,Origin,10,9.50,5, 4 febrero 2019,? /100,DLC,31 marzo 2019
248,Total War: Rome II Emperor Edition (Europe),Steam,55,10.31,81, 3 septiembre 2013,90 /100,GAME,31 marzo 2019
249,Tom Clancy's Rainbow Six Siege Xbox ONE,Xbox,40,19.99,50, 1 diciembre 2015,86 /100,GAME,31 marzo 2019
250,Darkest Dungeon,Steam,23,6.99,70,19 enero 2016,91 /100,GAME,31 marzo 2019
251,My Time At Portia,Steam,30,17.49,42,15 enero 2019,94 /100,GAME,31 marzo 2019
252,Just Cause 3,Steam,20,3.29,84, 1 diciembre 2015,79 /100,GAME,31 marzo 2019
253,Bioshock: The Collection (Europe),Steam,60,9.82,84,13 septiembre 2016,98 /100,GAME,31 marzo 2019
254,Lego Lord of the Rings,Steam,20,1.01,95,27 noviembre 2012,91 /100,GAME,31 marzo 2019
255,Mass Effect Trilogy,Origin,40,6.12,85, 8 noviembre 2012,94 /100,GAME,31 marzo 2019
256,Prey,Steam,30,6.94,77, 5 mayo 2017,83 /100,GAME,31 marzo 2019
257,Battlefield 3: Premium (juego incluido + all DLC),Origin,49,7.40,85,27 octubre 2011,90 /100,GAME,31 marzo 2019
258,Mortal Kombat 11 Premium Edition,Steam,90,69.49,23,23 abril 2019,? /100,GAME,31 marzo 2019
259,Wizard Of Legend,Steam,16,4.06,75,15 mayo 2018,80 /100,GAME,31 marzo 2019
260,Far Cry 5 Xbox ONE,Xbox,60,23.87,60,27 marzo 2018,76 /100,GAME,31 marzo 2019
261,Naruto Shippuden: Ultimate Ninja Storm 4,Steam,30,11.99,60, 5 febrero 2016,82 /100,GAME,31 marzo 2019
262,Total War: Warhammer II - Rise Of The Tomb King (Europe),Steam,17,13.54,23,23 enero 2018,? /100,DLC,31 marzo 2019
263,Euro Truck Simulator 2 Cargo Collection,Steam,10,6.45,35, 9 febrero 2018,93 /100,DLC,31 marzo 2019
264,Motorsport Manager,Steam,35,7.00,80,10 noviembre 2016,86 /100,GAME,31 marzo 2019
265,Kingdom Come: Deliverance The Amorous Adventures of Bold Sir Hans Capon,Steam,10,5.47,45,16 octubre 2018,53 /100,DLC,31 marzo 2019
266,Rising Storm 2: Vietnam,Steam,23,3.40,85,30 mayo 2017,81 /100,GAME,31 marzo 2019
267,Counter-Strike: Global Offensive Prime Status Upgrade (Europe),Steam,13,12.89,3,21 agosto 2012,88 /100,GAME,31 marzo 2019
268,Overcooked,Steam,16,3.59,78, 3 agosto 2016,87 /100,GAME,31 marzo 2019
269,Grand Theft Auto Online: Megalodon Shark Cash Card Xbox ONE,Xbox,75,49.90,33,14 abril 2015,82 /100,DLC,31 marzo 2019
270,Hunt Showdown,Steam,30,19.98,33,22 febrero 2018,86 /100,GAME,31 marzo 2019
271,The Witcher 2: Assassins of Kings Enhanced Edition,GOG.com,20,1.81,91,17 mayo 2011,73 /100,GAME,31 marzo 2019
272,Assassin's Creed: Syndicate (Europe),Uplay,40,7.98,80,19 noviembre 2015,80 /100,GAME,31 marzo 2019
273,FIFA 19: 2200 FUT Points Xbox ONE,Xbox,20,17.99,10,28 septiembre 2018,62 /100,DLC,31 marzo 2019
274,Plants vs. Zombies: Garden Warfare 2,Origin,60,8.57,86,25 febrero 2016,85 /100,GAME,31 marzo 2019
275,Call of Duty: Ghosts (Europe),Steam,60,4.19,93,25 marzo 2014,71 /100,GAME,31 marzo 2019
276,Mad Max,Steam,20,3.33,83, 1 septiembre 2015,85 /100,GAME,31 marzo 2019
277,Escape from Tarkov (Beta) (Europe),Official Website,44,38.98,11,22 diciembre 2017,71 /100,GAME,31 marzo 2019
278,DiRT Rally,Steam,35,4.63,87, 7 diciembre 2015,88 /100,GAME,31 marzo 2019
279,Ori and the Blind Forest Definitive Edition,Steam,20,6.90,65,10 junio 2016,92 /100,GAME,31 marzo 2019
280,The Hunter: Call of the Wild 2019 Edition (Europe),Steam,40,19.98,50,16 octubre 2018,86 /100,GAME,31 marzo 2019
281,The Sims 4: Vampiros,Origin,20,14.37,28,24 enero 2017,90 /100,DLC,31 marzo 2019
282,Los Sims 3: Aventura en la Isla,Official Website,41,4.08,90,27 junio 2013,70 /100,DLC,31 marzo 2019
283,Tekken 7,Steam,40,15.56,61, 2 junio 2017,87 /100,GAME,31 marzo 2019
284,The Elder Scrolls III: Morrowind GOTY,Steam,15,3.72,75,29 abril 2002,82 /100,GAME,31 marzo 2019
285,NBA 2K19 Xbox ONE,Xbox,60,22.78,62,11 septiembre 2018,69 /100,GAME,31 marzo 2019
286,Los Sims 3: Criaturas Sobrenaturales l,Official Website,39,3.95,90, 6 septiembre 2012,87 /100,DLC,31 marzo 2019
287,American Truck Simulator: Oregon,Steam,12,5.83,51, 4 octubre 2018,87 /100,DLC,31 marzo 2019
288,Super Mario Party Switch (Europe),Nintendo,60,47.99,20, 5 octubre 2018,93 /100,GAME,31 marzo 2019
289,Spore,Origin,15,3.78,75,19 diciembre 2008,77 /100,GAME,31 marzo 2019
290,Total War: Warhammer II - The Queen and The Crone (Europe),Steam,7,5.45,27,31 mayo 2018,? /100,DLC,31 marzo 2019
291,The Sims 4: Spa Day,Origin,20,11.42,43,14 julio 2015,95 /100,DLC,31 marzo 2019
292,The Elder Scrolls IV: Oblivion GOTY Deluxe Edition,Steam,20,5.99,70,16 junio 2009,90 /100,GAME,31 marzo 2019
293,The Sims 4: Bundle Pack 4,Origin,40,17.89,55,17 febrero 2017,92 /100,DLC,31 marzo 2019
294,Rage 2 (Europe),Official Website,55,36.89,33,14 mayo 2019,? /100,GAME,31 marzo 2019
295,Los Sims 4: Papás y Mamás,Origin,20,14.60,27,30 agosto 2017,96 /100,DLC,31 marzo 2019
296,Fallout: New Vegas Ultimate Edition (Europe),Steam,20,5.68,72, 9 febrero 2012,92 /100,GAME,31 marzo 2019
297,Mass Effect Andromeda,Origin,60,7.28,88,23 marzo 2017,81 /100,GAME,31 marzo 2019
298,Stardew Valley Switch (Europe),Nintendo,14,12.99,7, 5 octubre 2017,93 /100,GAME,31 marzo 2019
299,Final Fantasy X-X2 HD Remastered,Steam,25,8.79,65,12 mayo 2016,91 /100,GAME,31 marzo 2019
300,Grand Theft Auto Online: Great White Shark Cash Card Xbox ONE,Xbox,15,11.99,20,14 abril 2015,90 /100,DLC,31 marzo 2019
301,Far Cry Primal,Uplay,50,9.28,81, 1 marzo 2016,82 /100,GAME,31 marzo 2019
302,Fallout 4,Steam,30,7.51,75,10 noviembre 2015,88 /100,GAME,31 marzo 2019
303,Hearts of Iron IV: Waking the Tiger,Steam,20,7.99,60, 8 marzo 2018,97 /100,DLC,31 marzo 2019
304,Batman: Arkham City GOTY,Steam,20,1.95,90,20 octubre 2011,89 /100,GAME,31 marzo 2019
305,Assassin's Creed: Unity,Uplay,30,9.45,68,13 noviembre 2014,79 /100,GAME,31 marzo 2019
306,Apex Legends: 2150 Apex Coins,Origin,20,18.98,5, 4 febrero 2019,? /100,DLC,31 marzo 2019
307,Hitman 2 Silver Edition,Steam,80,17.96,78,13 noviembre 2018,86 /100,GAME,31 marzo 2019
308,Warhammer: Vermintide 2 - Collector's Edition,Steam,42,12.49,70, 8 marzo 2018,87 /100,GAME,31 marzo 2019
309,Just Cause 4,Steam,60,20.98,65, 4 diciembre 2018,49 /100,GAME,31 marzo 2019
310,The Elder Scrolls IV: Oblivion GOTY,Steam,15,3.45,77,11 septiembre 2007,90 /100,GAME,31 marzo 2019
311,Call of Duty 4: Modern Warfare,Steam,20,7.10,64,12 noviembre 2007,91 /100,GAME,31 marzo 2019
312,Sniper Elite 4,Steam,60,14.32,76,14 febrero 2017,84 /100,GAME,31 marzo 2019
313,Pathfinder: Kingmaker Explorer Edition (Europe),Steam,40,19.59,51,25 septiembre 2018,80 /100,GAME,31 marzo 2019
314,Dragon Quest XI: Echoes of an Elusive Age,Steam,60,28.89,52, 4 septiembre 2018,93 /100,GAME,31 marzo 2019
315,Batman: Arkham Origins ,Steam,20,1.57,92,25 octubre 2013,87 /100,GAME,31 marzo 2019
316,Tourist Bus Simulator,Steam,30,19.98,33, 6 diciembre 2018,63 /100,GAME,31 marzo 2019
317,Kerbal Space Program: Making History Expansion,Steam,15,5.67,62,13 marzo 2018,100 /100,DLC,31 marzo 2019
318,Prison Architect,Steam,25,9.52,62, 6 octubre 2015,93 /100,GAME,31 marzo 2019
319,Dungeons III (Europe),Steam,45,4.39,90,13 octubre 2017,86 /100,GAME,31 marzo 2019
320,The Sims 4: Bundle Pack 3,Origin,40,20.77,48, 7 junio 2016,92 /100,DLC,31 marzo 2019
321,Cities: Skylines - Industries,Steam,15,10.35,31,23 octubre 2018,91 /100,DLC,31 marzo 2019
322,Darkest Dungeon: The Color Of Madness,Steam,5,3.79,24,19 junio 2018,90 /100,DLC,31 marzo 2019
323,Star Wars Battlefront II (2005),Steam,8,3.80,54, 1 noviembre 2005,89 /100,GAME,31 marzo 2019
324,Los Sims 3: Al caer la noche,Official Website,34,3.94,88,28 octubre 2010,85 /100,DLC,31 marzo 2019
325,Subscripción Xbox Live Gold 6 Meses,Xbox,40,23.99,40,N/A,97 /100,GAME,31 marzo 2019
326,Ride 3,Steam,50,23.49,53,30 noviembre 2018,86 /100,GAME,31 marzo 2019
327,The Elder Scrolls V: Skyrim VR,Steam,60,24.80,59, 2 abril 2018,94 /100,GAME,31 marzo 2019
328,Stellaris: Utopia,Steam,20,7.54,62, 6 abril 2017,94 /100,DLC,31 marzo 2019
329,Call of Duty: Infinite Warfare (Europe),Steam,60,4.37,93, 4 noviembre 2016,65 /100,GAME,31 marzo 2019
330,Los Sims 3: ¡Menuda Familia! (Europe),Official Website,40,3.41,91, 3 junio 2011,89 /100,DLC,31 marzo 2019
331,Mafia III (Europe),Steam,40,6.99,83, 7 octubre 2016,65 /100,GAME,31 marzo 2019
332,Outlast Whistleblower,Steam,7,1.01,86, 6 mayo 2014,100 /100,DLC,31 marzo 2019
333,Euro Truck Simulator 2: Heavy Cargo Pack,Steam,5,3.77,24,12 mayo 2017,89 /100,DLC,31 marzo 2019
334,Cuphead,Steam,20,13.37,33,29 septiembre 2017,92 /100,GAME,31 marzo 2019
335,Total War: Shogun 2 Collection,Steam,45,7.17,84,2012,84 /100,GAME,31 marzo 2019
336,Wreckfest,Steam,45,24.49,46,14 junio 2018,88 /100,GAME,31 marzo 2019
337,The Elder Scrolls Online Elsweyr - Collector’s Edition Upgrade,Official Website,50,35.50,29, 4 junio 2019,? /100,DLC,31 marzo 2019
338,Civilization VI Gold Edition (Europe),Steam,100,30.83,69,21 octubre 2016,86 /100,GAME,31 marzo 2019
339,Jalopy,Steam,12,4.28,66,22 septiembre 2017,70 /100,GAME,31 marzo 2019
340,Metal Gear Solid V: The Definitive Experience,Steam,30,7.70,74,13 octubre 2016,90 /100,GAME,31 marzo 2019
341,Star Wars The Force Unleashed: Ultimate Sith Edition,Steam,17,2.80,83, 3 noviembre 2009,86 /100,GAME,31 marzo 2019
342,The Walking Dead,Steam,15,2.66,82,24 abril 2012,90 /100,GAME,31 marzo 2019
343,Super Smash Bros. Ultimate Fighter Pass Switch (Europe),Nintendo,25,20.99,16, 7 diciembre 2018,80 /100,DLC,31 marzo 2019
344,Stellaris: Distant Stars Story Pack,Steam,10,4.93,51,22 mayo 2018,? /100,DLC,31 marzo 2019
345,Arma 3: Apex,Steam,30,17.93,40,11 julio 2016,91 /100,DLC,31 marzo 2019
346,Europa Universalis IV (Europe),Steam,40,6.45,84,13 agosto 2013,85 /100,GAME,31 marzo 2019
347,Resident Evil 7 (Europe),Steam,30,7.07,76,24 enero 2017,88 /100,GAME,31 marzo 2019
348,Superhot,Steam,23,3.46,85,25 febrero 2016,83 /100,GAME,31 marzo 2019
349,Street Fighter V,Steam,20,9.02,55,16 febrero 2016,70 /100,GAME,31 marzo 2019
350,Metal Gear Solid V: The Phantom Pain,Steam,30,5.54,82, 1 septiembre 2015,88 /100,GAME,31 marzo 2019
351,Tower Unite,Steam,14,3.68,74, 8 abril 2016,? /100,GAME,31 marzo 2019
352,Stellaris: Synthetic Dawn,Steam,10,4.54,55,21 septiembre 2017,94 /100,DLC,31 marzo 2019
353,State of Decay 2 (PC / Xbox One),Xbox Play Anywhere,30,25.99,13,22 mayo 2018,66 /100,GAME,31 marzo 2019
354,ARK: Scorched Earth - Expansion Pack,Steam,20,5.42,73, 1 septiembre 2016,? /100,DLC,31 marzo 2019
355,Alien: Isolation,Steam,37,5.49,85, 7 octubre 2014,87 /100,GAME,31 marzo 2019
356,Hitman GOTY Edition,Steam,,11.14,/,11 marzo 2016,79 /100,GAME,31 marzo 2019
357,Rise of the Tomb Raider 20th Anniversary,Steam,50,8.98,82,11 octubre 2016,89 /100,GAME,31 marzo 2019
358,Mortal Kombat 11,Steam,60,43.59,27,23 abril 2019,? /100,GAME,31 marzo 2019
359,Super Mario Odyssey Switch (Europe),Nintendo,60,47.99,20,27 octubre 2017,80 /100,GAME,31 marzo 2019
360,Surviving Mars,Steam,30,8.25,72,15 marzo 2018,69 /100,GAME,31 marzo 2019
361,Middle-Earth: Shadow of War (Europe),Steam,40,7.90,80, 9 octubre 2017,84 /100,GAME,31 marzo 2019
362,Grand Theft Auto: San Andreas,Steam,10,6.99,30, 6 junio 2005,85 /100,GAME,31 marzo 2019
363,ARK: Extinction Expansion Pack,Steam,17,14.49,14, 6 noviembre 2018,? /100,DLC,31 marzo 2019
364,DiRT 4,Steam,55,8.55,84, 9 junio 2017,76 /100,GAME,31 marzo 2019
365,NieR: Automata,Steam,40,18.89,53,17 marzo 2017,91 /100,GAME,31 marzo 2019
366,Ghost Recon: Wildlands Xbox ONE,Xbox,50,19.99,60, 6 marzo 2017,83 /100,GAME,31 marzo 2019
367,XCOM 2: War of the Chosen (Europe),Steam,40,14.69,63,29 agosto 2017,95 /100,DLC,31 marzo 2019
368,The Elder Scrolls Online,Official Website,60,12.96,78, 6 junio 2017,79 /100,GAME,31 marzo 2019
369,Worms Ultimate Mayhem,Steam,13,1.81,86,28 septiembre 2011,83 /100,GAME,31 marzo 2019
370,Arma 3: Helicopters,Steam,10,1.11,89, 4 noviembre 2014,100 /100,DLC,31 marzo 2019
371,Grand Theft Auto IV: Complete Edition (Europe),Steam,30,7.21,76,27 octubre 2010,76 /100,GAME,31 marzo 2019
372,Assetto Corsa Competizione,Steam,45,29.95,33,12 septiembre 2018,74 /100,GAME,31 marzo 2019
373,Assassin's Creed: Origins (Europe),Uplay,60,20.05,67,27 octubre 2017,87 /100,GAME,31 marzo 2019
374,The Surge,Steam,50,4.15,92,16 mayo 2017,87 /100,GAME,31 marzo 2019
375,Star Wars: The Old Republic: 2400 Cartel Point (Europe),Official Website,17,14.49,15,20 diciembre 2011,86 /100,DLC,31 marzo 2019
376,Stronghold Crusader 2,STEAM,30,3.79,87,22 septiembre 2014,78 /100,GAME,31 marzo 2019
377,Cities: Skylines - Parklife,Steam,15,7.79,48,24 mayo 2018,50 /100,DLC,31 marzo 2019
378,Stellaris: Apocalypse,Steam,20,8.59,57,22 febrero 2018,58 /100,DLC,31 marzo 2019
379,Dark Souls 1 Remastered,Steam,40,31.89,20,23 mayo 2018,85 /100,GAME,31 marzo 2019
380,PlayStation Plus - Suscripción 90 días (España) (ES),Playstation,25,19.99,20,N/A,98 /100,GAME,31 marzo 2019
381,NBA 2K19: 450.000 VC Xbox ONE,Xbox,100,64.99,35,11 septiembre 2018,? /100,DLC,31 marzo 2019
382,Tarjeta PlayStation Network 15€ (España) (ES),Playstation,15,13.60,9,N/A,96 /100,GAME,31 marzo 2019
383,Sniper Elite III: Afrika,Steam,28,4.23,85,27 junio 2014,84 /100,GAME,31 marzo 2019
384,Simcity: Ciudades del Mañana,Origin,40,3.32,92,14 noviembre 2013,81 /100,DLC,31 marzo 2019
385,Los Sims 3: Trotamundos (Europe),Official Website,32,3.94,88,19 noviembre 2009,84 /100,DLC,31 marzo 2019
386,Life is Strange: Complete Season (Europe),Steam,20,3.94,80,29 enero 2015,95 /100,GAME,31 marzo 2019
387,NBA 2K19: 200.000 VC Xbox ONE,Xbox,50,34.99,30,11 septiembre 2018,? /100,DLC,31 marzo 2019
388,Cities: Skylines - Industries Plus,Steam,18,11.08,38,23 octubre 2018,91 /100,DLC,31 marzo 2019
389,Forza Horizon 4 Ultimate Edition (PC / Xbox One),Xbox Play Anywhere,100,84.89,15, 2 octubre 2018,89 /100,GAME,31 marzo 2019
390,American Truck Simulator Gold Edition,Steam,30,6.84,77, 9 noviembre 2017,89 /100,GAME,31 marzo 2019
391,Warhammer 40.000: Dawn of War III,Steam,40,6.11,85,27 abril 2017,69 /100,GAME,31 marzo 2019
392,Kingdom Come Deliverance: Treasures of The Past,Steam,5,2.10,58,11 abril 2018,50 /100,DLC,31 marzo 2019
393,Los Sims 4: Aventura en la Selva,Origin,20,13.10,34,27 febrero 2018,90 /100,DLC,31 marzo 2019
394,Grand Theft Auto IV,Steam,20,6.49,68, 2 diciembre 2008,76 /100,GAME,31 marzo 2019
395,LEGO Harry Potter: Years 1-4,Steam,20,1.99,90,29 junio 2010,83 /100,GAME,31 marzo 2019
396,Rage,Steam,10,3.35,66, 3 octubre 2011,74 /100,GAME,31 marzo 2019
397,Shadow of the Tomb Raider Croft Edition,Steam,89,35.98,60,12 septiembre 2018,90 /100,GAME,31 marzo 2019
398,Project Cars 2 Deluxe Edition,Steam,90,23.49,74,21 septiembre 2017,78 /100,GAME,31 marzo 2019
399,Lego The Hobbit,Steam,20,1.01,95,11 abril 2014,85 /100,GAME,31 marzo 2019
400,ARK: Aberration - Expansion Pack,Steam,20,6.91,65,12 diciembre 2017,100 /100,DLC,31 marzo 2019
401,Hollow Knight,Steam,15,9.88,34,24 febrero 2017,96 /100,GAME,31 marzo 2019
402,Dead Rising 4 (Europe),Steam,30,6.22,79,14 marzo 2017,68 /100,GAME,31 marzo 2019
403,Gift Card 40€,Official Website,,40.00,/,N/A,99 /100,GAME,31 marzo 2019
404,Darksiders 3,Steam,60,26.17,56,27 noviembre 2018,79 /100,GAME,31 marzo 2019
405,Resident Evil 6 (Europe),Steam,30,3.27,89,22 marzo 2013,78 /100,GAME,31 marzo 2019
406,FIFA 17,Origin,60,6.66,89,29 septiembre 2016,82 /100,GAME,31 marzo 2019
407,Hitman: The Complete First Season [Prologue + Episode 1-6 + Bonus Episode],Steam,50,7.98,84,11 marzo 2016,78 /100,GAME,31 marzo 2019
408,RollerCoaster Tycoon 3: Platinum,Steam,20,4.78,76,26 octubre 2006,96 /100,GAME,31 marzo 2019
409,Steep (Europe),Uplay,30,8.90,70, 2 diciembre 2016,91 /100,GAME,31 marzo 2019
410,Plague Inc: Evolved,Steam,15,7.00,53,18 febrero 2016,68 /100,GAME,31 marzo 2019
411,Dragon Ball Xenoverse 2,Steam,50,17.92,64,28 octubre 2016,82 /100,GAME,31 marzo 2019
412,Magicka 2,Steam,15,2.51,83,26 mayo 2015,85 /100,GAME,31 marzo 2019
413,Darkest Dungeon: The Shieldbreaker,Steam,4,2.71,32,26 octubre 2017,? /100,DLC,31 marzo 2019
414,Minecraft Xbox ONE,Xbox,24,13.89,42,19 noviembre 2011,89 /100,GAME,31 marzo 2019
415,Portal Knights,Steam,20,6.31,68,25 febrero 2016,82 /100,GAME,31 marzo 2019
416,Dead Island Definitive Edition,Steam,20,8.46,58,31 mayo 2016,82 /100,GAME,31 marzo 2019
417,Dragon's Dogma: Dark Arisen (Europe),Steam,30,6.46,78,15 enero 2016,84 /100,GAME,31 marzo 2019
418,Grand Theft Auto Online: Bull Shark Cash Card,Rockstar,7,5.17,31,14 abril 2015,87 /100,DLC,31 marzo 2019
419,Mortal Kombat X Premium Edition,Steam,25,4.02,84,14 abril 2015,85 /100,GAME,31 marzo 2019
420,Wolfenstein: The Old Blood,Steam,20,3.68,82, 4 mayo 2015,87 /100,GAME,31 marzo 2019
421,Tarjeta regalo 10€,Official Website,,10.00,/,N/A,99 /100,GAME,31 marzo 2019
422,Total War: Rome II Spartan Edition,Steam,30,13.71,54, 3 septiembre 2013,90 /100,GAME,31 marzo 2019
423,Diablo III: Reaper of Souls (Europe),Battle.net,20,9.78,51,25 marzo 2014,89 /100,DLC,31 marzo 2019
424,Playerunknown's Battlegrounds Xbox ONE,Xbox,30,8.34,72,21 diciembre 2017,83 /100,GAME,31 marzo 2019
425,Payday 2 Ultimate Edition,Steam,,13.99,/, 8 junio 2017,88 /100,GAME,31 marzo 2019
426,Goat Simulator,Steam,8,1.39,83, 1 abril 2014,81 /100,GAME,31 marzo 2019
427,Watch Dogs,Uplay,30,3.27,89,27 mayo 2014,78 /100,GAME,31 marzo 2019
428,Company of Heroes 2,Steam,20,3.25,84,25 junio 2013,87 /100,GAME,31 marzo 2019
429,Hearts of Iron IV: Together for Victory,Steam,15,5.12,66,15 diciembre 2016,89 /100,DLC,31 marzo 2019
430,Far Cry 3 (Europe),Uplay,20,7.05,65,28 noviembre 2012,88 /100,GAME,31 marzo 2019
431,Battlefield 3,Origin,20,5.80,71,27 octubre 2011,90 /100,GAME,31 marzo 2019
432,Soulcalibur VI,Steam,60,24.49,59,19 octubre 2018,87 /100,GAME,31 marzo 2019
433,Nintendo Membership 3 Month (Individual) (Europe),Nintendo,8,6.99,13,19 septiembre 2018,88 /100,GAME,31 marzo 2019
434,WWE 2K19 (Europe),Steam,50,15.69,69, 9 octubre 2018,62 /100,GAME,31 marzo 2019
435,Bus Simulator 18 (Europe),Steam,30,24.71,18,13 junio 2018,60 /100,GAME,31 marzo 2019
436,Stellaris - Leviathans Story Pack,Steam,10,3.75,62,20 octubre 2016,83 /100,DLC,31 marzo 2019
437,Los Sims 3: Triunfadores (Europe),Official Website,35,4.80,86, 3 junio 2010,85 /100,DLC,31 marzo 2019
438,Destiny 2: Los Renegados Legendary Collection (Europe),Battle.net,60,41.53,31, 4 septiembre 2018,75 /100,GAME,31 marzo 2019
439,Metal Gear Solid V: Ground Zeroes,Steam,20,1.77,91,18 diciembre 2014,79 /100,GAME,31 marzo 2019
440,Minecraft Master Collection Xbox ONE,Xbox,50,16.98,66,16 abril 2018,89 /100,GAME,31 marzo 2019
441,Darkest Dungeon: The Crimson Court,Steam,10,5.78,42,19 junio 2017,88 /100,DLC,31 marzo 2019
442,Star Wars Empire at War: Gold Pack,Steam,17,5.58,67,16 febrero 2006,90 /100,GAME,31 marzo 2019
443,The Sims 4: Bundle Pack 1,Origin,30,18.04,40,31 julio 2015,88 /100,DLC,31 marzo 2019
444,Dying Light: The Following,Steam,20,6.49,68, 9 febrero 2016,88 /100,DLC,31 marzo 2019
445,Assetto corsa - Japanese Pack,Steam,3,2.70,10,18 mayo 2016,? /100,DLC,31 marzo 2019
446,Call of Duty: Black Ops Bundle,Steam,160,21.61,86,18 mayo 2018,100 /100,GAME,31 marzo 2019
447,Rock of Ages 2: Bigger & Boulder,Steam,15,3.06,80,28 agosto 2017,60 /100,GAME,31 marzo 2019
448,Warhammer: Vermintide 2 - Shadows Over Bögenhafen,Steam,8,5.81,27,28 agosto 2018,? /100,DLC,31 marzo 2019
449,Dead by Daylight - the Saw Chapter,Steam,7,5.70,18,23 enero 2018,80 /100,DLC,31 marzo 2019
450,Saints Row IV (Europe),Steam,15,3.29,78,23 agosto 2013,86 /100,GAME,31 marzo 2019
451,Red Dead Redemption 2 Xbox ONE,Xbox,70,44.99,36,26 octubre 2018,93 /100,GAME,31 marzo 2019
452,Torchlight 2,Steam,19,5.38,72,20 septiembre 2012,90 /100,GAME,31 marzo 2019
453,Fortnite Deep Freeze Bundle Switch (Europe),Nintendo,30,16.99,43,16 noviembre 2018,86 /100,GAME,31 marzo 2019
454,Assetto Corsa: Dream Pack 1,Steam,7,3.99,43,11 marzo 2015,? /100,DLC,31 marzo 2019
455,Grand Theft Auto: The Trilogy,Steam,10,6.89,31, 7 enero 2011,100 /100,GAME,31 marzo 2019
456,Dishonored (Europe),Steam,10,3.29,67, 9 octubre 2012,91 /100,GAME,31 marzo 2019
457,Grand Theft Auto IV: Episodes from Liberty City,Steam,15,2.94,80,12 abril 2010,73 /100,GAME,31 marzo 2019
458,Middle-Earth: Shadow of Mordor GOTY,Steam,20,4.02,80,30 septiembre 2014,88 /100,GAME,31 marzo 2019
459,This War of Mine,Steam,19,3.08,84,14 noviembre 2014,88 /100,GAME,31 marzo 2019
460,Sword Art Online: Fatal Bullet,Steam,40,15.43,61,23 febrero 2018,70 /100,GAME,31 marzo 2019
461,Injustice 2,Steam,50,5.61,89,14 noviembre 2017,87 /100,GAME,31 marzo 2019
462,Just Cause 3 XXL Edition,Steam,29,5.95,80,30 noviembre 2015,79 /100,GAME,31 marzo 2019
463,Two Point Hospital: Pebberley Island (Europe),Steam,9,7.98,11,18 marzo 2019,? /100,DLC,31 marzo 2019
464,Kenshi,Steam,27,18.99,30, 6 diciembre 2018,80 /100,GAME,31 marzo 2019
465,Xbox Game Pass 12 Months Xbox ONE,Xbox,120,69.99,42,22 noviembre 2016,99 /100,GAME,31 marzo 2019
466,Forza Horizon 4 Car Pass (PC / Xbox ONE),Xbox Play Anywhere,30,24.99,17,10 febrero 2018,? /100,DLC,31 marzo 2019
467,"Pokémon: Let's Go, Pikachu! Switch (Europe)",Nintendo,60,47.99,20,16 noviembre 2018,83 /100,GAME,31 marzo 2019
468,Rising Storm 2: Vietnam Deluxe Edition,Steam,4,3.98,/,30 mayo 2017,81 /100,GAME,31 marzo 2019
469,State of Decay Year One Survival Edition,Steam,28,4.57,84,12 agosto 2016,80 /100,GAME,31 marzo 2019
470,Crusader Kings II: Holy Fury,Steam,20,10.64,47,13 noviembre 2018,90 /100,DLC,31 marzo 2019
471,Los Sims 3: Hacia el Futuro,Official Website,40,3.93,90,24 octubre 2013,92 /100,DLC,31 marzo 2019
472,Final Fantasy XIV: Stormblood (Europe),Official Website,35,18.99,46,20 junio 2017,84 /100,DLC,31 marzo 2019
473,Gift Card 20€,Official Website,,20.00,/,N/A,99 /100,GAME,31 marzo 2019
474,PlayStation Plus - Suscripción 30 días (España) (ES),Playstation,8,7.19,10,N/A,98 /100,GAME,31 marzo 2019
475,Cities: Skylines - Natural Disasters,Steam,15,4.69,69,29 noviembre 2016,90 /100,DLC,31 marzo 2019
476,Company of Heroes 2 (Platinum Edition),Steam,20,7.13,64, 4 marzo 2016,90 /100,GAME,31 marzo 2019
477,The Evil Within (Europe),Steam,20,3.68,82,14 octubre 2014,84 /100,GAME,31 marzo 2019
478,Ryse: Son of Rome,Steam,15,4.49,70,10 octubre 2014,75 /100,GAME,31 marzo 2019
479,Grid Autosport,Steam,40,4.14,90,27 junio 2014,79 /100,GAME,31 marzo 2019
480,Dragon Ball Xenoverse 2 Extra Pass,Steam,30,24.82,17,18 diciembre 2018,? /100,DLC,31 marzo 2019
481,Rocket League - Esper,Steam,2,1.30,35, 7 julio 2015,80 /100,DLC,31 marzo 2019
482,StarCraft 2: Battle Chest 2.0,Battle.net,35,13.98,60,10 febrero 2015,92 /100,GAME,31 marzo 2019
483,Lethal League,Steam,12,2.49,79,27 agosto 2014,92 /100,GAME,31 marzo 2019
484,The Sims 4: Bundle Pack 2,Origin,40,17.94,55,22 octubre 2015,92 /100,DLC,31 marzo 2019
485,Cities: Skylines - After Dark,Steam,15,5.95,60,24 septiembre 2015,85 /100,DLC,31 marzo 2019
486,Lego Star Wars: The Complete Saga,Steam,17,6.90,59,12 noviembre 2009,88 /100,GAME,31 marzo 2019
487,Hollow Knight Switch (Europe),Nintendo,15,12.99,13,12 junio 2018,96 /100,GAME,31 marzo 2019
488,Metro: Exodus Xbox ONE,Xbox,70,48.99,30,15 febrero 2019,80 /100,GAME,31 marzo 2019
489,Call of Duty: Advanced Warfare,Steam,60,5.66,91, 4 noviembre 2014,74 /100,GAME,31 marzo 2019
490,Dragon Age: Inquisition GOTY Edition,Origin,30,12.25,59, 6 octubre 2015,86 /100,GAME,31 marzo 2019
491,Transport Fever,Steam,32,14.32,55, 8 noviembre 2016,70 /100,GAME,31 marzo 2019
492,Los Sims 4: De Acampada,Origin,20,12.49,38,13 enero 2015,68 /100,DLC,31 marzo 2019
493,Sword Art Online: Hollow Realization Deluxe Edition,Steam,50,16.64,67,27 octubre 2017,78 /100,GAME,31 marzo 2019
494,Grand Theft Auto Online: Whale Shark Cash Card Xbox ONE,Xbox,38,29.99,21,14 abril 2015,95 /100,DLC,31 marzo 2019
495,LEGO Harry Potter: Years 5-7,Steam,20,2.02,90, 5 enero 2012,83 /100,GAME,31 marzo 2019
496,Star Wars: Battlefront,Origin,60,4.02,93,19 noviembre 2015,76 /100,GAME,31 marzo 2019
497,The Elder Scrolls Online: Tamriel Unlimited,Official Website,20,12.98,35, 4 abril 2014,79 /100,GAME,31 marzo 2019
498,Beholder,Steam,10,1.63,84, 9 noviembre 2016,82 /100,GAME,31 marzo 2019
499,Darksiders II Deathinitive Edition,Steam,30,3.99,87, 5 noviembre 2015,88 /100,GAME,31 marzo 2019
500,Steel Division: Normandy 44,Steam,40,6.49,84,23 mayo 2017,90 /100,GAME,31 marzo 2019
501,Pillars of Eternity II: Deadfire (Europe),Steam,46,13.32,71, 8 mayo 2018,88 /100,GAME,31 marzo 2019
502,Worms Clan Wars,Steam,23,1.62,93,15 agosto 2013,82 /100,GAME,31 marzo 2019
503,Starbound,Steam,14,10.14,28, 4 diciembre 2013,83 /100,GAME,31 marzo 2019
504,The Division 2 Gold Edition,Uplay,100,83.49,17,12 marzo 2019,80 /100,GAME,31 marzo 2019
505,Europa Universalis IV Extreme Edition,Steam,45,7.98,82,13 agosto 2013,85 /100,GAME,31 marzo 2019
506,Brutal Legend,Steam,15,1.09,93,26 febrero 2013,100 /100,GAME,31 marzo 2019
507,Resident Evil 7 Gold Edition (Europe),Steam,60,12.60,79,12 diciembre 2017,88 /100,GAME,31 marzo 2019
508,Fallout 4: Season Pass,Steam,50,12.34,75,10 noviembre 2015,92 /100,DLC,31 marzo 2019
509,Injustice 2 Legendary Edition,Steam,60,14.48,76,30 noviembre 2017,87 /100,GAME,31 marzo 2019
510,Crusader Kings II: The Old Gods (Europe),Steam,15,1.52,90,28 mayo 2013,97 /100,DLC,31 marzo 2019
511,Little Nightmares,Steam,20,3.49,83,28 abril 2017,86 /100,GAME,31 marzo 2019
512,Devil May Cry 4: Special Edition,Steam,25,13.74,45,24 junio 2015,88 /100,GAME,31 marzo 2019
513,Elite: Dangerous,Steam,25,15.37,38, 2 abril 2015,96 /100,GAME,31 marzo 2019
514,The Sims 4: Mi Primera Mascota Pack de Accesorios,Origin,10,9.00,10,13 marzo 2018,70 /100,DLC,31 marzo 2019
515,Hearts of Iron IV: Death or Dishonor,Steam,10,4.39,56,14 junio 2017,83 /100,DLC,31 marzo 2019
516,Sniper Elite v2,Steam,20,2.04,90, 4 mayo 2012,73 /100,GAME,31 marzo 2019
517,Arma 3: Anniversary Edition (Europe),Steam,60,30.15,50,15 noviembre 2017,87 /100,GAME,31 marzo 2019
518,Saints Row IV: Game of the Century Edition,Steam,20,5.53,72,15 julio 2014,86 /100,GAME,31 marzo 2019
519,Tarjeta PlayStation Network 25€ (España) (ES),Playstation,25,22.50,10,N/A,96 /100,GAME,31 marzo 2019
520,They Are Billions,Steam,23,17.95,22,12 diciembre 2017,85 /100,GAME,31 marzo 2019
521,Need For Speed: Rivals,Origin,20,6.25,69,21 noviembre 2013,79 /100,GAME,31 marzo 2019
522,Cities: Skylines - Mass Transit,Steam,13,6.49,50,18 mayo 2017,92 /100,DLC,31 marzo 2019
523,The Elder Scrolls Online: Morrowind,Official Website,20,7.99,60, 6 junio 2017,88 /100,DLC,31 marzo 2019
524,World War 3 (Early Access) (Europe),Steam,25,13.13,47,19 octubre 2018,67 /100,GAME,31 marzo 2019
525,Football Manager 2018 (Europe),Steam,55,8.19,85,10 noviembre 2017,89 /100,GAME,31 marzo 2019
526,Destiny 2 (Europe),Battle.net,60,14.76,75,24 octubre 2017,75 /100,GAME,31 marzo 2019
527,Dragon Ball Xenoverse 2 Super Pass,Steam,25,11.31,55,27 octubre 2016,79 /100,DLC,31 marzo 2019
528,Tomb Raider,Steam,20,3.60,82, 5 marzo 2013,89 /100,GAME,31 marzo 2019
529,Saints Row: The Third,Steam,10,3.54,65,15 noviembre 2011,89 /100,GAME,31 marzo 2019
530,Homefront,Steam,20,1.01,95,15 marzo 2011,67 /100,GAME,31 marzo 2019
531,Space Engineers Deluxe Edition,Steam,,12.47,/,22 diciembre 2016,86 /100,GAME,31 marzo 2019
532,Crysis Trilogy,Origin,40,10.48,74,12 febrero 2014,97 /100,GAME,31 marzo 2019
533,Mount & Blade: Warband - Napoleonic Wars,Steam,10,3.08,69,19 abril 2012,97 /100,DLC,31 marzo 2019
534,Absolver,Steam,30,3.99,87,29 agosto 2017,76 /100,GAME,31 marzo 2019
535,Warhammer 40.000: Dawn of War Master Collection,Steam,30,6.49,78,2008,96 /100,GAME,31 marzo 2019
536,Grand Theft Auto Online: Red Shark Cash Card,Rockstar,3,2.19,27,14 abril 2015,87 /100,DLC,31 marzo 2019
537,Assassin's Creed: Rogue,Uplay,20,5.61,72, 9 marzo 2015,85 /100,GAME,31 marzo 2019
538,Dark Souls 1 Remastered Switch (Europe),Nintendo,40,31.99,20,12 octubre 2018,85 /100,GAME,31 marzo 2019
539,American Truck Simulator: New Mexico DLC,Steam,12,4.89,59, 9 noviembre 2017,88 /100,DLC,31 marzo 2019
540,Tales of Berseria,Steam,50,6.54,87,26 enero 2017,93 /100,GAME,31 marzo 2019
541,Layers of Fear,Steam,20,1.01,95,15 febrero 2016,91 /100,GAME,31 marzo 2019
542,Kingdom Come: Delivrance Band of Bastard,Steam,8,5.27,34, 5 febrero 2019,? /100,GAME,31 marzo 2019
543,The Elder Scrolls Online - Elsweyr Upgrade,Official Website,40,26.98,33, 4 junio 2019,? /100,DLC,31 marzo 2019
544,Battlefield: Hardline,Origin,30,5.26,82,19 marzo 2015,75 /100,GAME,31 marzo 2019
545,Anthem Xbox ONE,Xbox,70,49.99,29,22 febrero 2019,65 /100,GAME,31 marzo 2019
546,Total War Warhammer Dark Gods Edition (Europe),Steam,30,12.23,59,27 septiembre 2018,10 /100,GAME,31 marzo 2019
547,The Witcher 3: Wild Hunt,GOG.com,30,11.49,62,19 mayo 2015,95 /100,GAME,31 marzo 2019
548,S.T.A.L.K.E.R.: Shadow of Chernobyl,Steam,16,2.19,86,20 marzo 2007,92 /100,GAME,31 marzo 2019
549,Verdun,Steam,18,3.97,77,28 abril 2015,78 /100,GAME,31 marzo 2019
550,Worms Armageddon,Steam,15,1.55,90,31 mayo 1999,? /100,GAME,31 marzo 2019
551,Xbox Game Pass 14 days Trial Xbox ONE (Only New Accounts),Xbox,,1.29,/,N/A,99 /100,GAME,31 marzo 2019
552,Office Professional Plus 2019 (1 User),Software,200,56.29,72,24 septiembre 2018,87 /100,GAME,31 marzo 2019
553,Steep Xbox ONE,Xbox,30,6.99,77,12 febrero 2016,91 /100,GAME,31 marzo 2019
554,A Way Out,Origin,30,15.49,48,23 marzo 2018,86 /100,GAME,31 marzo 2019
555,Ace Combat 7: Skies Unknown,Steam,60,40.99,32,31 enero 2019,76 /100,GAME,31 marzo 2019
556,Star Wars: Knights of the Old Republic,Steam,8,2.55,69,19 noviembre 2003,83 /100,GAME,31 marzo 2019
557,South Park: Retaguardia en Peligro (Europe),Uplay,60,10.14,83,17 octubre 2017,81 /100,GAME,31 marzo 2019
558,Cities: Skylines - Snowfall,Steam,13,4.68,64,18 febrero 2016,95 /100,DLC,31 marzo 2019
559,NieR:Automata Game of The YoRHa Edition,Steam,40,33.98,15,17 marzo 2017,91 /100,GAME,31 marzo 2019
560,Dragon Ball FighterZ: FighterZ Pass 2,Steam,25,20.98,16,31 enero 2019,? /100,DLC,31 marzo 2019
561,Dead Space 3,Origin,10,8.99,10, 8 febrero 2013,88 /100,GAME,31 marzo 2019
562,Warhammer 40.000: Space Marine,Steam,20,1.01,95, 6 septiembre 2011,79 /100,GAME,31 marzo 2019
563,Spec Ops: The Line (Europe),Steam,20,1.01,95,29 junio 2012,82 /100,GAME,31 marzo 2019
564,Tarjeta PlayStation Network 5€ (España) (ES),Playstation,5,4.69,6,N/A,? /100,GAME,31 marzo 2019
565,Mega Man Legacy Collection,Steam,15,1.77,88,24 agosto 2015,? /100,GAME,31 marzo 2019
566,Dead Cells Switch (Europe),Nintendo,25,21.99,12, 6 agosto 2018,91 /100,GAME,31 marzo 2019
567,Splinter Cell: Blacklist (Europe),Uplay,53,6.13,88,22 agosto 2013,85 /100,GAME,31 marzo 2019
568,Rocket League - Aftershock,Steam,2,1.29,35, 7 julio 2015,90 /100,DLC,31 marzo 2019
569,Batman: Arkham Asylum GOTY (Europe),Steam,20,2.59,87,26 marzo 2010,90 /100,GAME,31 marzo 2019
570,Apex Legends: 1000 Apex Coins Xbox ONE,Xbox,10,8.99,10, 4 febrero 2019,? /100,DLC,31 marzo 2019
571,Crusader Kings II: The Reaper's Due,Steam,10,4.37,56,25 agosto 2016,? /100,DLC,31 marzo 2019
572,"Pokémon: Let's Go, Eevee! Switch (Europe)",Nintendo,60,47.99,20,16 noviembre 2018,83 /100,GAME,31 marzo 2019
573,Anno 1404 Gold Edition (Europe),Uplay,10,9.57,4,25 junio 2009,100 /100,GAME,31 marzo 2019
574,Fallout 3,Steam,10,1.99,80,28 octubre 2008,86 /100,GAME,31 marzo 2019
575,F1 2017,Steam,55,7.72,86,25 agosto 2017,91 /100,GAME,31 marzo 2019
576,Dead Space 2,Origin,15,2.98,80,27 enero 2011,92 /100,GAME,31 marzo 2019
577,Europa Universalis IV: Rights of Man,Steam,20,7.16,64,11 octubre 2016,93 /100,DLC,31 marzo 2019
578,TrackMania Turbo,Uplay,40,8.42,79,24 marzo 2016,75 /100,GAME,31 marzo 2019
579,Zombie Army Trilogy,Steam,42,5.23,88, 6 marzo 2015,83 /100,GAME,31 marzo 2019
580,Tarjeta PlayStation Network 35€ (España) (ES),Playstation,35,31.50,10,N/A,96 /100,GAME,31 marzo 2019
581,Resident Evil: Revelations 2 (Complete Season) (Europe),Steam,,6.04,/,24 febrero 2015,84 /100,GAME,31 marzo 2019
582,Apex Legends: 4350 Apex Coins Xbox ONE,Xbox,40,34.99,13, 4 febrero 2019,? /100,DLC,31 marzo 2019
583,FIFA 19: 12000 FUT Points PS4 (Spain) (ES),Playstation,100,84.99,15,28 septiembre 2018,? /100,DLC,31 marzo 2019
584,Flashing Lights - Police Fire EMS,Steam,12,8.05,36, 7 junio 2018,55 /100,GAME,31 marzo 2019
585,The Crew 2 Xbox ONE,Xbox,60,23.79,60,29 junio 2018,76 /100,GAME,31 marzo 2019
586,Lego Worlds,Steam,30,4.74,84, 7 marzo 2017,81 /100,GAME,31 marzo 2019
587,The Secret of Monkey Island: Special Edition,Steam,8,1.60,80,15 julio 2009,84 /100,GAME,31 marzo 2019
588,Elex,Steam,50,12.90,74,17 octubre 2017,76 /100,GAME,31 marzo 2019
589,Los Sims 3: Salto a la fama (Europe),Official Website,35,4.27,88, 8 marzo 2012,80 /100,DLC,31 marzo 2019
590,Xenon Racer,Steam,40,21.49,46,26 marzo 2019,? /100,GAME,31 marzo 2019
591,FIFA 19: 1600 FUT Points Xbox ONE,Xbox,15,12.99,13,28 septiembre 2018,? /100,DLC,31 marzo 2019
592,The Darkness II,Steam,30,1.01,97, 9 febrero 2012,80 /100,GAME,31 marzo 2019
593,Total War: Attila - Tyrants and Kings Edition,Steam,30,7.99,73, 4 marzo 2016,83 /100,GAME,31 marzo 2019
594,Quantum Break,Steam,37,9.79,74,29 septiembre 2016,80 /100,GAME,31 marzo 2019
595,Total War: MEDIEVAL II Definitive Edition,Steam,25,5.44,78,15 noviembre 2006,82 /100,GAME,31 marzo 2019
596,Deus Ex: Mankind Divided,Steam,30,3.87,87,23 agosto 2016,81 /100,GAME,31 marzo 2019
597,Cultist Simulator,Steam,20,2.29,89,31 mayo 2018,? /100,GAME,31 marzo 2019
598,Immortal Redneck,Steam,20,1.26,94,25 abril 2017,? /100,GAME,31 marzo 2019
599,Darkest Dungeon: Ancestral 2017 Edition,Steam,47,14.49,69,N/A,91 /100,GAME,31 marzo 2019
600,Fallout Classic Collection,Steam,20,3.35,83, 4 agosto 2008,95 /100,GAME,31 marzo 2019
601,Far Cry Primal: Legend of the Mammoth,Uplay,,1.89,/,29 febrero 2016,? /100,DLC,31 marzo 2019
602,Ancestors Legacy,Steam,30,6.76,77,22 mayo 2018,86 /100,GAME,31 marzo 2019
603,The Hunter: Call of the Wild (Europe),Steam,20,14.58,27,16 febrero 2017,86 /100,GAME,31 marzo 2019
604,How to Survive 2,Steam,15,2.00,87, 8 septiembre 2016,78 /100,GAME,31 marzo 2019
605,Aragami,Steam,20,4.23,79, 4 octubre 2016,88 /100,GAME,31 marzo 2019
606,Borderlands 2 (Europe),Steam,30,6.18,79,21 septiembre 2012,92 /100,GAME,31 marzo 2019
607,L.A. Noire: Complete Edition,Steam,30,6.49,78,11 noviembre 2011,82 /100,GAME,31 marzo 2019
608,NBA 2K19: 75.000 VC Xbox ONE,Xbox,20,14.99,25,11 septiembre 2018,? /100,DLC,31 marzo 2019
609,Need for Speed: Hot Pursuit (Europe),Origin,15,2.75,82,16 octubre 2010,83 /100,GAME,31 marzo 2019
610,Devil May Cry 5 Xbox ONE,Xbox,60,48.89,19, 8 marzo 2019,88 /100,GAME,31 marzo 2019
611,FIFA 19: 4600 FUT Points PS4 (Spain) (ES),Playstation,40,34.99,13,28 septiembre 2018,? /100,DLC,31 marzo 2019
612,Shadow of the Tomb Raider Xbox ONE,Xbox,70,22.68,68,14 septiembre 2018,89 /100,GAME,31 marzo 2019
613,The Elder Scrolls V: Skyrim Switch (Europe),Nintendo,59,47.99,19,17 noviembre 2017,90 /100,GAME,31 marzo 2019
614,Styx: Shards of Darkness,Steam,40,5.58,86,14 marzo 2017,91 /100,GAME,31 marzo 2019
615,Might & Magic: Heroes III (HD Edition),Steam,15,7.49,50,29 enero 2015,86 /100,GAME,31 marzo 2019
616,Lego Marvel Super Heroes 2,Steam,30,10.14,66,14 noviembre 2017,82 /100,GAME,31 marzo 2019
617,Arma 3 Karts,Steam,,1.01,32,29 mayo 2014,91 /100,DLC,31 marzo 2019
618,Ni No Kuni II: Revenant Kingdom (Europe),Steam,60,21.99,63,23 marzo 2018,85 /100,GAME,31 marzo 2019
619,Rocksmith 2014 Remastered,Steam,30,9.65,68, 4 octubre 2016,87 /100,GAME,31 marzo 2019
620,Stellaris - Plantoids Species Pack,Steam,8,3.49,56, 4 agosto 2016,78 /100,DLC,31 marzo 2019
621,Mafia II,Steam,30,12.26,59,26 agosto 2010,89 /100,GAME,31 marzo 2019
622,Los Sims 3: Vida en la Ciudad Accesorios (Europe),Official Website,15,4.70,69,28 julio 2011,85 /100,DLC,31 marzo 2019
623,Los Sims 3: Suite de ensueño Accesorios (Europe),Official Website,20,3.14,84,26 enero 2012,80 /100,DLC,31 marzo 2019
624,Sniper: Ghost Warrior 3 Season Pass Edition,Steam,20,5.69,72,25 abril 2017,69 /100,GAME,31 marzo 2019
625,Construction Simulator 2015,Steam,15,7.03,53,18 noviembre 2014,69 /100,GAME,31 marzo 2019
626,Total War: Warhammer Chaos Warriors,Steam,7,5.23,30,24 mayo 2016,? /100,DLC,31 marzo 2019
627,The Elder Scrolls Online - Elsweyr Collector's Edition,Official Website,79,49.98,37, 4 junio 2019,? /100,GAME,31 marzo 2019
628,Assassin's Creed Odyssey Season Pass Xbox ONE,Xbox,40,33.89,15, 5 octubre 2018,100 /100,DLC,31 marzo 2019
629,PlayStation Network Card 40€ (España) (ES),Playstation,40,35.99,10,N/A,96 /100,GAME,31 marzo 2019
630,Hearts of Iron IV: Colonel Edition,Steam,50,14.74,71, 6 junio 2016,90 /100,GAME,31 marzo 2019
631,Dirt Showdown,Steam,15,1.01,93,24 mayo 2012,86 /100,GAME,31 marzo 2019
632,Naruto Shippuden: Ultimate Ninja Storm 4 Road to Boruto,Steam,20,8.06,60, 2 febrero 2017,90 /100,DLC,31 marzo 2019
633,SpellForce 3,Steam,50,15.98,68, 7 diciembre 2017,86 /100,GAME,31 marzo 2019
634,Final Fantasy XIII Double Pack Edition,Steam,29,8.03,72,13 febrero 2015,81 /100,GAME,31 marzo 2019
635,The Escapists,Steam,15,2.19,85,13 febrero 2015,65 /100,GAME,31 marzo 2019
636,XCOM: Enemy Unknown Complete Pack (Europe),Steam,30,4.91,84, 4 septiembre 2008,90 /100,GAME,31 marzo 2019
637,Jump Force Deluxe Edition,Steam,90,61.49,32,14 febrero 2019,64 /100,GAME,31 marzo 2019
638,SimCity 4 (Deluxe Edition),Steam,10,3.98,60,22 septiembre 2003,? /100,GAME,31 marzo 2019
639,Xcom 2 Collection (Europe),Steam,92,25.30,73, 4 febrero 2016,? /100,GAME,31 marzo 2019
640,Slay the Spire,Steam,21,17.04,19,23 enero 2019,88 /100,GAME,31 marzo 2019
641,Shadow Tactics: Blades of the Shogun,Steam,40,6.22,84, 6 diciembre 2016,93 /100,GAME,31 marzo 2019
642,Total War: Warhammer - Realm of the Wood Elves,Steam,17,11.60,34, 8 diciembre 2016,89 /100,DLC,31 marzo 2019
643,Anno 2205 (Europe),Uplay,40,6.99,83, 3 noviembre 2015,78 /100,GAME,31 marzo 2019
644,Dying Light: Season Pass,Steam,30,5.59,81,27 enero 2015,93 /100,DLC,31 marzo 2019
645,Lords of the Fallen,Steam,30,3.17,89,31 octubre 2014,76 /100,GAME,31 marzo 2019
646,Civilization VI: Persia and Macedon Civilization & Scenario Pack,Steam,9,5.72,36,28 marzo 2017,? /100,DLC,31 marzo 2019
647,Fernbus Simulator,Steam,30,14.90,50,25 agosto 2016,90 /100,GAME,31 marzo 2019
648,Total War: Three Kingdoms (Europe),Steam,60,39.89,34,23 mayo 2019,? /100,GAME,31 marzo 2019
649,Mount and Blade: Warband - Viking Conquest Reforged Edition,Steam,15,3.64,76,11 diciembre 2014,? /100,DLC,31 marzo 2019
650,Cossacks 3 Complete Experience,Steam,36,8.49,77,27 octubre 2017,85 /100,GAME,31 marzo 2019
651,Resident Evil: Revelations (Europe),Steam,30,2.55,91,24 mayo 2013,76 /100,GAME,31 marzo 2019
652,Enter the Gungeon,Steam,15,9.97,33, 5 abril 2016,73 /100,GAME,31 marzo 2019
653,Planetary Annihilation: Titans,Steam,34,7.47,78,18 agosto 2015,89 /100,GAME,31 marzo 2019
654,Shadow of the Tomb Raider Season Pass,Steam,30,15.63,48,14 septiembre 2018,63 /100,DLC,31 marzo 2019
655,Railway Empire,Steam,50,14.99,70,26 enero 2018,75 /100,GAME,31 marzo 2019
656,Dragon Age: Origins - Ultimate Edition,Origin,20,5.84,71, 5 noviembre 2009,89 /100,GAME,31 marzo 2019
657,Battlefield Bad Company 2,Origin,10,4.13,59, 4 marzo 2010,90 /100,GAME,31 marzo 2019
658,Need For Speed: Most Wanted 2012 (Europe),Origin,35,7.38,79,31 octubre 2012,80 /100,GAME,31 marzo 2019
659,Lego Jurassic World,Steam,20,2.43,88,12 junio 2015,89 /100,GAME,31 marzo 2019
660,Apex Legends: 4350 Apex Coins,Origin,40,35.49,11, 4 febrero 2019,? /100,DLC,31 marzo 2019
661,Civilization IV: Complete Edition,Steam,20,3.86,81,14 mayo 2009,90 /100,GAME,31 marzo 2019
662,Warhammer: Chaosbane,Steam,50,26.98,46, 4 junio 2019,? /100,GAME,31 marzo 2019
663,Empire and Napoleon: Total War GOTY,Steam,15,6.80,55,25 febrero 2010,80 /100,GAME,31 marzo 2019
664,Celeste Switch (Europe),Nintendo,20,16.90,15,25 enero 2018,95 /100,GAME,31 marzo 2019
665,Total War: Warhammer - Norsca,Steam,10,5.95,40,10 agosto 2017,88 /100,DLC,31 marzo 2019
666,Turmoil,Steam,10,2.55,74, 2 junio 2016,83 /100,GAME,31 marzo 2019
667,Naruto to Boruto: Shinobi Striker,Steam,50,15.94,68,31 agosto 2018,72 /100,GAME,31 marzo 2019
668,S.T.A.L.K.E.R.: Clear Sky,Steam,10,1.01,90,15 septiembre 2008,95 /100,GAME,31 marzo 2019
669,Los Sims 3: ¡Quemando rueda! Accesorios,Official Website,20,3.43,83, 7 septiembre 2010,? /100,DLC,31 marzo 2019
670,Car Mechanic Simulator 2015,Steam,20,1.54,92,23 abril 2015,85 /100,GAME,31 marzo 2019
671,Total War: Rome II - Wrath of Sparta,Steam,15,7.49,50,16 diciembre 2014,80 /100,DLC,31 marzo 2019
672,Assetto Corsa - Red Pack ,Steam,7,4.06,42,14 julio 2016,? /100,DLC,31 marzo 2019
673,Dead Space,Origin,15,3.08,79,23 octubre 2008,89 /100,GAME,31 marzo 2019
674,Train Sim World Bundle,Steam,134,17.98,87,24 julio 2018,85 /100,GAME,31 marzo 2019
675,Assetto Corsa: Dream Pack 2,Steam,7,3.99,43, 8 octubre 2015,? /100,DLC,31 marzo 2019
676,MXGP Pro,Steam,50,12.49,75,29 junio 2018,60 /100,GAME,31 marzo 2019
677,Pro Cycling Manager 2018,Steam,40,18.31,54,28 junio 2018,53 /100,GAME,31 marzo 2019
678,Europa Universalis IV: Common Sense Expansion,Steam,15,4.13,72, 9 junio 2015,100 /100,DLC,31 marzo 2019
679,Dishonored: Death of the Outsider,Steam,30,6.43,79,15 septiembre 2017,88 /100,GAME,31 marzo 2019
680,Total War: Warhammer - Grim and the Grave,Steam,7,5.03,33, 1 septiembre 2016,90 /100,DLC,31 marzo 2019
681,Left 4 Dead,Steam,8,5.12,37,17 noviembre 2008,93 /100,GAME,31 marzo 2019
682,Tropico 4: Special Edition,Steam,15,2.60,83, 1 septiembre 2011,71 /100,GAME,31 marzo 2019
683,Resident Evil 4 Ultimate HD Edition,Steam,20,6.84,66,27 febrero 2014,87 /100,GAME,31 marzo 2019
684,Super Smash Bros. Ultimate Planta Piraña (Europe),Nintendo,5,4.49,10, 1 noviembre 2018,? /100,DLC,31 marzo 2019
685,Crusader Kings II: Conclave,Steam,15,5.34,64, 2 febrero 2016,? /100,DLC,31 marzo 2019
686,Train Simulator 2019,Steam,30,14.13,53,11 octubre 2018,100 /100,GAME,31 marzo 2019
687,Total War Saga: Thrones of Britannia (Europe),Steam,40,27.58,31, 3 mayo 2018,76 /100,GAME,31 marzo 2019
688,Cities: Skylines - Green Cities,Steam,13,5.29,59,19 octubre 2017,86 /100,DLC,31 marzo 2019
689,Observer_,Steam,28,3.85,86,15 agosto 2017,92 /100,GAME,31 marzo 2019
690,Total War: Warhammer - The King and The Warlord,Steam,7,5.09,32,20 octubre 2016,87 /100,DLC,31 marzo 2019
691,S.T.A.L.K.E.R.: Call of Pripyat,Steam,20,3.31,83,11 febrero 2010,79 /100,GAME,31 marzo 2019
692,Dead Island: Riptide Definitive Edition,Steam,20,6.99,65,31 mayo 2016,79 /100,GAME,31 marzo 2019
693,Assetto Corsa Ferrari - 70th Anniversary Pack,Steam,7,3.99,43,19 septiembre 2017,? /100,DLC,31 marzo 2019
694,Poly Bridge,Steam,8,2.14,74,12 julio 2016,97 /100,GAME,31 marzo 2019
695,Octopath Traveler Switch (Europe),Nintendo,60,47.99,20,13 julio 2018,96 /100,GAME,31 marzo 2019
696,Crusader Kings II: Charlemagne,Steam,15,5.16,66,14 octubre 2014,100 /100,DLC,31 marzo 2019
697,DiRT 4: Hyundai R5 Rally Car,Steam,2,1.01,59, 1 agosto 2017,100 /100,DLC,31 marzo 2019
698,Need For Speed: Shift,Origin,15,1.68,89,15 septiembre 2009,64 /100,GAME,31 marzo 2019
699,Total War: Warhammer - Call of the Beastmen,Steam,17,10.94,37,28 julio 2016,73 /100,DLC,31 marzo 2019
700,Nintendo Membership 12 Months (Family) (Europe),Nintendo,35,30.99,11,19 septiembre 2018,? /100,GAME,31 marzo 2019
701,Red Dead Redemption 2: Ultimate Edition Xbox ONE,Xbox,100,59.89,40,26 octubre 2018,93 /100,GAME,31 marzo 2019
702,Mortal Kombat (Komplete Edition) ,Steam,20,3.25,84, 3 julio 2013,86 /100,GAME,31 marzo 2019
703,Cities: Skylines - Concerts,Steam,7,3.32,53,17 agosto 2017,100 /100,DLC,31 marzo 2019
704,Assassin's Creed II,Uplay,15,5.24,65, 4 marzo 2010,94 /100,GAME,31 marzo 2019
705,Far Cry 3: Blood Dragon,Uplay,15,2.37,84, 1 mayo 2013,82 /100,GAME,31 marzo 2019
706,RiME,Steam,35,3.47,90,26 mayo 2017,86 /100,GAME,31 marzo 2019
707,Elite Dangerous: Horizons Season Pass,Steam,25,15.69,37,15 diciembre 2015,90 /100,DLC,31 marzo 2019
708,Lego Pirates of the Caribbean,Steam,17,2.75,84,24 mayo 2011,83 /100,GAME,31 marzo 2019
709,Anthem: Legion of Dawn Edition Xbox ONE ,Xbox,90,52.78,41,22 febrero 2019,65 /100,GAME,31 marzo 2019
710,Overcooked Xbox ONE,Xbox,16,3.89,76, 3 agosto 2016,87 /100,GAME,31 marzo 2019
711,Rocket League - Vulcan,Steam,2,1.83,8, 7 diciembre 2016,93 /100,DLC,31 marzo 2019
712,South Park: La Vara de la Verdad (uncut),Uplay,30,5.69,81, 6 marzo 2014,92 /100,GAME,31 marzo 2019
713,Darksiders Warmastered Edition,Steam,20,2.95,85,29 noviembre 2016,91 /100,GAME,31 marzo 2019
714,Euro Truck Simulator 2 Legendary Edition,Steam,77,22.35,71,20 julio 2016,91 /100,GAME,31 marzo 2019
715,Crusader Kings II: Legacy of Rome,Steam,5,2.75,45,16 octubre 2012,? /100,DLC,31 marzo 2019
716,LEGO DC Super-Villains,Steam,40,8.87,78,16 octubre 2018,90 /100,GAME,31 marzo 2019
717,Bomber Crew,Steam,15,1.81,88,19 octubre 2017,76 /100,GAME,31 marzo 2019
718,Star Wars: Battlefront 2 Xbox ONE,Xbox,60,12.99,78,17 noviembre 2017,70 /100,GAME,31 marzo 2019
719,Wolfenstein II: The New Colossus Season Pass,Steam,20,13.86,31,27 octubre 2017,70 /100,DLC,31 marzo 2019
720,Pro Evolution Soccer 2018 (Europe),Steam,30,6.99,77,14 septiembre 2017,79 /100,GAME,31 marzo 2019
721,Rocket League - Triton,Steam,2,1.79,10, 4 octubre 2016,? /100,DLC,31 marzo 2019
722,Endless Space 2,Steam,40,10.24,74,18 mayo 2017,90 /100,GAME,31 marzo 2019
723,Dragon Ball Xenoverse,Steam,40,7.73,81,27 febrero 2015,82 /100,GAME,31 marzo 2019
724,Mirror's Edge Catalyst,Origin,60,5.49,91, 9 junio 2016,80 /100,GAME,31 marzo 2019
725,Jump Force Xbox ONE,Xbox,70,49.99,29,15 febrero 2019,67 /100,GAME,31 marzo 2019
726,Just Cause 4 Xbox ONE,Xbox,70,29.76,57, 4 diciembre 2018,49 /100,GAME,31 marzo 2019
727,Europa Universalis IV: Dharma,Steam,20,8.60,57, 6 septiembre 2018,? /100,DLC,31 marzo 2019
728,Project Cars 2 Season Pass,Steam,30,12.01,60,22 septiembre 2017,88 /100,DLC,31 marzo 2019
729,FIFA 18: 2200 FUT points,Origin,20,8.35,58,29 septiembre 2017,81 /100,DLC,31 marzo 2019
730,Warhammer 40.000: Dawn of War II Master Collection,Steam,55,7.58,86,N/A,85 /100,GAME,31 marzo 2019
731,Warhammer: The End Times - Vermintide,Steam,28,3.03,89,23 octubre 2015,78 /100,GAME,31 marzo 2019
732,Might & Magic: Heroes VII (Europe),Uplay,50,8.13,84,29 septiembre 2015,76 /100,GAME,31 marzo 2019
733,The Division 2 Gold Edition Xbox ONE,Xbox,100,84.99,15,12 marzo 2019,93 /100,GAME,31 marzo 2019
734,Civilization VI: Khmer and Indonesia Civilization & Scenario Pack,Steam,9,5.27,41,19 octubre 2017,? /100,DLC,31 marzo 2019
735,Into The Breach,Steam,15,6.98,53,27 febrero 2018,90 /100,GAME,31 marzo 2019
736,Kingdom Hearts III Xbox ONE,Xbox,70,44.99,36,29 enero 2019,? /100,GAME,31 marzo 2019
737,Staxel,Steam,20,3.86,81,23 enero 2018,68 /100,GAME,31 marzo 2019
738,My hero one's justice,Steam,60,29.99,50,26 octubre 2018,90 /100,GAME,31 marzo 2019
739,Conan Exiles - The Imperial East Pack,Steam,10,8.04,20,22 junio 2018,? /100,DLC,31 marzo 2019
740,Fallout 4 VR,Steam,60,13.69,77,11 diciembre 2017,88 /100,GAME,31 marzo 2019
741,Castlevania: Lords of Shadow Ultimate Edition (Europe),Steam,25,3.29,87, 7 octubre 2010,93 /100,GAME,31 marzo 2019
742,Titan Quest Anniversary Edition,Steam,20,3.72,81,31 agosto 2016,83 /100,GAME,31 marzo 2019
743,Styx: Master of Shadows,Steam,30,3.86,87, 7 octubre 2014,83 /100,GAME,31 marzo 2019
744,Crusader Kings II: Way of Life Collection,Steam,,5.28,/,16 diciembre 2014,90 /100,DLC,31 marzo 2019
745,Doom 3 BFG Edition,Steam,20,3.70,81,18 octubre 2012,89 /100,GAME,31 marzo 2019
746,Lego Star Wars III: The Clone Wars,Steam,17,5.12,70,22 marzo 2011,97 /100,GAME,31 marzo 2019
747,Worms Reloaded GOTY,Steam,20,1.81,91,26 agosto 2010,85 /100,GAME,31 marzo 2019
748,Dragon Age: Inquisition ,Origin,20,5.98,70,20 noviembre 2014,86 /100,GAME,31 marzo 2019
749,Xenoblade Chronicles 2 Switch (Europe),Nintendo,60,47.99,20, 1 diciembre 2017,73 /100,GAME,31 marzo 2019
750,Blackwake,Steam,20,8.20,59,24 febrero 2017,? /100,GAME,31 marzo 2019
751,MotoGP 18,Steam,50,15.05,70, 7 junio 2018,66 /100,GAME,31 marzo 2019
752,Middle-earth: Shadow of War Expansion Pass,Steam,40,11.56,71, 9 octubre 2017,93 /100,DLC,31 marzo 2019
753,F.E.A.R. 3,Steam,20,1.87,91,24 junio 2011,76 /100,GAME,31 marzo 2019
754,Spintires: MudRunner,Steam,25,13.44,46,31 octubre 2017,81 /100,GAME,31 marzo 2019
755,Mass Effect Andromeda - Deep Space Pack,Origin,5,1.98,60,23 marzo 2017,79 /100,DLC,31 marzo 2019
756,Star Wars: The Force Unleashed II,Steam,17,5.28,69,26 octubre 2010,78 /100,GAME,31 marzo 2019
757,Just Cause 2 (Europe),Steam,15,1.56,90,26 marzo 2010,84 /100,GAME,31 marzo 2019
758,Rocket League: Chaos Run,Steam,4,2.29,43, 1 diciembre 2015,94 /100,DLC,31 marzo 2019
759,Rocket League: Revenge of The Battle Cars,Steam,4,2.48,38, 7 julio 2015,97 /100,DLC,31 marzo 2019
760,FIFA 16,Origin,60,7.99,87,24 septiembre 2015,80 /100,GAME,31 marzo 2019
761,Titan Quest: Ragnarök,Steam,20,7.99,60,17 noviembre 2017,? /100,DLC,31 marzo 2019
762,Amnesia Collection,Steam,32,1.98,94,10 septiembre 2013,? /100,GAME,31 marzo 2019
763,Deponia: The Complete Journey,Steam,30,1.01,97, 8 julio 2014,93 /100,GAME,31 marzo 2019
764,Sword Art Online: Fatal Bullet Season Pass,Steam,25,12.61,50,23 febrero 2018,100 /100,DLC,31 marzo 2019
765,BattleTech,Steam,40,10.69,73,24 abril 2018,87 /100,GAME,31 marzo 2019
766,FIFA 18,Origin,60,14.98,75,29 septiembre 2017,68 /100,GAME,31 marzo 2019
767,Arma 2: Complete Collection,Steam,30,3.22,89,20 febrero 2013,82 /100,GAME,31 marzo 2019
768,Crusader Kings II: Monks and Mystics,Steam,15,6.16,59, 7 marzo 2017,90 /100,DLC,31 marzo 2019
769,Rocket League - Marauder,Steam,2,1.30,35, 7 julio 2015,90 /100,DLC,31 marzo 2019
770,Grim Dawn,Steam,25,15.83,37,25 febrero 2016,92 /100,GAME,31 marzo 2019
771,Bioshock Infinite (Europe),Steam,30,4.79,84,25 marzo 2013,91 /100,GAME,31 marzo 2019
772,LEGO: Batman Trilogy,Steam,50,3.28,93,11 noviembre 2014,94 /100,GAME,31 marzo 2019
773,Los Sims 3: Patios y Jardines Accesorios (Europe),Official Website,15,3.24,78,10 febrero 2011,90 /100,DLC,31 marzo 2019
774,Naruto Shippuden: Ultimate Ninja Storm 4 Season Pass,Steam,20,8.10,59, 5 febrero 2016,85 /100,DLC,31 marzo 2019
775,Hacknet,Steam,10,1.01,90,12 agosto 2015,82 /100,GAME,31 marzo 2019
776,Dungeons II,Steam,20,1.24,94,24 abril 2015,89 /100,GAME,31 marzo 2019
777,Lego Marvel’s Avengers,Steam,30,2.99,90,26 enero 2016,84 /100,GAME,31 marzo 2019
778,Blood Bowl 2,Steam,20,5.69,72,22 septiembre 2015,85 /100,GAME,31 marzo 2019
779,Resident Evil 2 Biohazard RE:2 Deluxe Edition,Steam,60,40.99,32,25 enero 2019,93 /100,GAME,31 marzo 2019
780,Splatoon 2: Octo Expansion Switch (Europe),Nintendo,20,16.99,15,14 junio 2018,90 /100,DLC,31 marzo 2019
781,Crusader Kings II: Way of Life,Steam,8,3.86,52,16 diciembre 2014,90 /100,DLC,31 marzo 2019
782,Splatoon 2 Switch (Europe),Nintendo,60,47.99,20,21 julio 2017,98 /100,GAME,31 marzo 2019
783,The Crew,Uplay,30,6.49,78, 2 diciembre 2014,81 /100,GAME,31 marzo 2019
784,Pizza Connection 3,Steam,25,8.57,66,22 marzo 2018,65 /100,GAME,31 marzo 2019
785,Alice: Madness Returns (Europe),Origin,10,6.24,38,16 junio 2011,84 /100,GAME,31 marzo 2019
786,Magicka,Steam,10,1.80,82,25 enero 2011,90 /100,GAME,31 marzo 2019
787,The Sims 3: High end Loft Stuff (Europe),Official Website,15,3.04,80, 5 febrero 2010,80 /100,DLC,31 marzo 2019
788,Dead Island GOTY (Europe),Steam,20,5.66,72, 9 septiembre 2011,82 /100,GAME,31 marzo 2019
789,Sunset Overdrive,Steam,,10.66,/,31 octubre 2014,68 /100,GAME,31 marzo 2019
790,Tom Clancy's The Division 2 Edición Definitiva Xbox ONE,Xbox,110,98.98,10,12 marzo 2019,93 /100,GAME,31 marzo 2019
791,FTL: Faster Than Light,Steam,10,4.99,50,14 septiembre 2012,100 /100,GAME,31 marzo 2019
792,Assetto Corsa: Dream Pack 3,Steam,7,3.99,43,15 diciembre 2015,? /100,DLC,31 marzo 2019
793,Five Nights at Freddy's: Sister Location,Steam,8,2.53,68, 7 octubre 2016,90 /100,GAME,31 marzo 2019
794,Imperator: Rome,Steam,40,33.87,15,25 abril 2019,? /100,GAME,31 marzo 2019
795,This War of Mine - The Little Ones DLC,Steam,5,2.72,45, 1 junio 2016,? /100,DLC,31 marzo 2019
796,Day of Infamy,Steam,12,2.76,78,23 marzo 2017,83 /100,GAME,31 marzo 2019
797,Bus Simulator 16 (Europe),Steam,15,5.55,63, 2 marzo 2016,76 /100,GAME,31 marzo 2019
798,The Vanishing of Ethan Carter,Steam,19,1.93,90,25 septiembre 2014,87 /100,GAME,31 marzo 2019
799,PlayStation Network Card 30€ (España) (ES),Playstation,30,27.25,9,N/A,96 /100,GAME,31 marzo 2019
800,Civilization VI: Poland Civilization & Scenario Pack,Steam,5,4.83,3,20 diciembre 2016,? /100,DLC,31 marzo 2019
801,Diablo III: Rise of the Necromancer (Europe),Battle.net,15,10.61,29,27 octubre 2017,? /100,DLC,31 marzo 2019
802,Assassin's Creed III,Uplay,20,6.99,65,31 octubre 2012,88 /100,GAME,31 marzo 2019
803,Prey: Mooncrash,Steam,20,7.35,63,10 junio 2018,87 /100,DLC,31 marzo 2019
804,Kingdom Come: Deliverance Special Edition,Steam,50,24.73,51,13 febrero 2018,83 /100,GAME,31 marzo 2019
805,OMSI 2: The Omni 2,Steam,30,12.63,58,11 diciembre 2013,77 /100,GAME,31 marzo 2019
806,The Evil Within 2,Steam,60,12.11,80,13 octubre 2017,90 /100,GAME,31 marzo 2019
807,Duck Game,Steam,13,7.64,41, 4 junio 2015,95 /100,GAME,31 marzo 2019
808,Europa Universalis IV: Mare Nostrum,Steam,15,4.97,67, 5 abril 2016,90 /100,DLC,31 marzo 2019
809,Homeworld Remastered Collection,Steam,32,3.09,90,25 febrero 2015,93 /100,GAME,31 marzo 2019
810,Pillars of Eternity: Hero Edition,Steam,28,5.96,79,26 marzo 2015,91 /100,GAME,31 marzo 2019
811,Alan Wake (Europe),Steam,28,3.13,89,12 febrero 2012,89 /100,GAME,31 marzo 2019
812,Ghost of a Tale,Steam,23,8.31,64,25 julio 2016,100 /100,GAME,31 marzo 2019
813,Civilization VI: Nubia Civilization & Scenario Pack,Steam,5,2.98,40,27 julio 2017,? /100,DLC,31 marzo 2019
814,Assetto Corsa - Tripl3 Pack,Steam,2,1.80,10,26 agosto 2016,? /100,DLC,31 marzo 2019
815,Assetto Corsa - Ready To Race Pack,Steam,5,3.46,31,18 mayo 2017,? /100,DLC,31 marzo 2019
816,Unravel Two,Origin,20,9.99,50, 9 junio 2018,80 /100,GAME,31 marzo 2019
817,Witch It,Steam,15,9.08,39,31 mayo 2017,89 /100,GAME,31 marzo 2019
818,Sanctum 2,Steam,15,1.01,93,15 mayo 2013,90 /100,GAME,31 marzo 2019
819,Max Payne 3,Steam,20,6.28,69,18 mayo 2012,86 /100,GAME,31 marzo 2019
820,Kingdoms of Amalur: Reckoning,Origin,20,3.86,81, 8 febrero 2012,85 /100,GAME,31 marzo 2019
821,Final Fantasy VII + VIII Double Pack,Steam,26,19.53,25,2013,96 /100,GAME,31 marzo 2019
822,Europa Universalis IV: Art of War,Steam,20,5.48,73,30 octubre 2014,100 /100,DLC,31 marzo 2019
823,Vikings: Wolves of Midgard,Steam,30,2.96,90,24 marzo 2017,71 /100,GAME,31 marzo 2019
824,Battlefield 3: Premium (sin juego) (Europe),Origin,52,2.57,95,27 octubre 2011,87 /100,DLC,31 marzo 2019
825,Resident Evil Origins Collection (Europe),Steam,40,8.06,80,19 enero 2016,89 /100,GAME,31 marzo 2019
826,Cities: Skylines Deluxe Edition,Steam,37,9.62,74,24 mayo 2018,88 /100,GAME,31 marzo 2019
827,Total War: ROME II (Caesar in Gaul Campaign Pack),Steam,15,6.29,58,17 diciembre 2013,? /100,DLC,31 marzo 2019
828,LEGO Indiana Jones: The Original Adventures,Steam,17,2.13,87, 3 junio 2008,? /100,GAME,31 marzo 2019
829,Life is Strange: Before The Storm,Steam,17,4.18,75,31 agosto 2017,86 /100,GAME,31 marzo 2019
830,Tekken 7 Season Pass,Steam,25,11.89,52, 2 junio 2017,76 /100,DLC,31 marzo 2019
831,The Dwarves,Steam,40,1.30,97, 1 diciembre 2016,83 /100,GAME,31 marzo 2019
832,Cossacks 3,Steam,20,6.19,69,20 septiembre 2016,85 /100,GAME,31 marzo 2019
833,TRON RUN/r,Steam,17,1.98,88,16 febrero 2016,? /100,GAME,31 marzo 2019
834,Europa Universalis IV: The Cossacks,Steam,20,7.49,63, 1 diciembre 2015,95 /100,DLC,31 marzo 2019
835,Los Sims 3: Diesel Accesorios (Europe),Official Website,15,2.78,81,12 julio 2012,90 /100,DLC,31 marzo 2019
836,Company of Heroes 2: The British Forces,Steam,13,7.99,38, 3 septiembre 2015,? /100,GAME,31 marzo 2019
837,Grand Ages: Medieval,Steam,20,3.15,84,25 septiembre 2015,57 /100,GAME,31 marzo 2019
838,Grand Theft Auto Online: Tiger Shark Cash Card PS4 (Europe),Playstation,6,3.99,34,14 abril 2015,80 /100,DLC,31 marzo 2019
839,No Man's Sky,Steam,55,32.80,40,12 agosto 2016,71 /100,GAME,31 marzo 2019
840,Middle-earth: Shadow of Mordor,Steam,20,4.43,78, 3 octubre 2014,85 /100,GAME,31 marzo 2019
841,Crusader Kings II: Sword of Islam,Steam,10,7.02,30,26 junio 2012,? /100,DLC,31 marzo 2019
842,Assetto Corsa - Porsche Pack III,Steam,5,3.90,22,20 diciembre 2016,? /100,DLC,31 marzo 2019
843,Beholder 2,Steam,15,3.95,74, 4 diciembre 2018,? /100,GAME,31 marzo 2019
844,Soulcalibur VI Season Pass,Steam,30,23.84,21,18 octubre 2018,83 /100,DLC,31 marzo 2019
845,Gothic Universe Edition (Europe),Steam,20,3.12,84, 5 noviembre 2010,89 /100,GAME,31 marzo 2019
846,A Story About My Uncle,Steam,13,1.01,92,28 mayo 2014,87 /100,GAME,31 marzo 2019
847,LEGO Star Wars: The Force Awakens,Steam,30,4.27,86,28 junio 2016,88 /100,GAME,31 marzo 2019
848,Dragon Age 2,Origin,14,7.41,47,10 marzo 2011,75 /100,GAME,31 marzo 2019
849,FIFA 19: 500 FUT Points Xbox ONE,Xbox,5,4.59,8,28 septiembre 2018,? /100,GAME,31 marzo 2019
850,Apex Legends: 2150 Apex Coins Xbox ONE,Xbox,20,17.99,10, 4 febrero 2019,? /100,DLC,31 marzo 2019
851,Apex Legends: 6700 Apex Coins,Origin,60,56.29,6, 4 febrero 2019,? /100,DLC,31 marzo 2019
852,NBA 2K19: 35.000 VC Xbox ONE,Xbox,10,7.99,20,11 septiembre 2018,? /100,DLC,31 marzo 2019
853,LEGO Indiana Jones 2: The Adventure Continues,Steam,17,2.03,88,18 febrero 2010,100 /100,GAME,31 marzo 2019
854,Europa Universalis IV: Rule Britannia,Steam,10,5.49,45,20 marzo 2018,? /100,DLC,31 marzo 2019
855,Dakar 18,Steam,50,15.49,69,28 septiembre 2018,84 /100,GAME,31 marzo 2019
856,Castlevania: Lords of Shadow 2 (Europe),Steam,30,5.59,81,27 febrero 2014,83 /100,GAME,31 marzo 2019
857,Fallout: New Vegas,Steam,10,4.98,50,21 octubre 2010,93 /100,GAME,31 marzo 2019
858,Besiege,Steam,8,5.66,29,28 enero 2015,90 /100,GAME,31 marzo 2019
859,The Sims 4: Vintage Glamour Stuff Pack,Origin,10,9.49,5, 6 diciembre 2016,92 /100,DLC,31 marzo 2019
860,Max Payne,Steam,10,1.56,84,25 julio 2001,87 /100,GAME,31 marzo 2019
861,Los Sims 3: LOS '70 '80 '90 Accesorios (Europe),Official Website,20,2.84,86,24 enero 2013,100 /100,DLC,31 marzo 2019
862,Gift Card 30€,Official Website,,30.00,/,N/A,99 /100,GAME,31 marzo 2019
863,EA SPORTS UFC 3 Deluxe Edition Xbox ONE,Xbox,65,23.69,64, 9 febrero 2018,? /100,GAME,31 marzo 2019
864,Devil May Cry 5 Deluxe Edition Xbox ONE,Xbox,70,57.99,17, 8 marzo 2019,100 /100,GAME,31 marzo 2019
865,Civilization VI: Australia Civilization & Scenario Pack,Steam,5,4.50,10,23 febrero 2017,? /100,DLC,31 marzo 2019
866,Monster Energy Supercross - The Official Videogame 2,Steam,50,23.07,54, 8 febrero 2019,90 /100,GAME,31 marzo 2019
867,Dead Or Alive 6,Steam,70,45.98,34, 1 marzo 2019,? /100,GAME,31 marzo 2019
868,FIFA 19: 2200 FUT Points PS4 (Spain) (ES),Playstation,20,17.99,10,28 septiembre 2018,? /100,DLC,31 marzo 2019
869,Europa Universalis IV: Golden Century,Steam,10,8.26,17,11 diciembre 2018,100 /100,DLC,31 marzo 2019
870,FIFA 19: 1050 FUT Points Xbox ONE,Xbox,10,8.99,10,28 septiembre 2018,? /100,DLC,31 marzo 2019
871,StarCraft 2: Legacy of the Void,Battle.net,40,13.29,67,10 noviembre 2015,89 /100,GAME,31 marzo 2019
872,Death Road to Canada,Steam,15,2.07,86,21 julio 2016,80 /100,GAME,31 marzo 2019
873,Space Hulk: Deathwing Enhanced Edition,Steam,,19.76,/,22 mayo 2018,? /100,GAME,31 marzo 2019
874,Steel Division: Normandy 44 - Back to Hell,Steam,15,5.71,62,13 febrero 2018,? /100,DLC,31 marzo 2019
875,Steel Division: Normandy 44 - Second Wave,Steam,8,3.60,55,21 septiembre 2017,60 /100,DLC,31 marzo 2019
876,Call of Duty: Modern Warfare 2 Stimulus Package,Steam,14,5.74,59, 4 mayo 2010,100 /100,DLC,31 marzo 2019
877,Los Sims 4 Xbox ONE,Xbox,50,17.67,65,17 noviembre 2017,82 /100,GAME,31 marzo 2019
878,NBA Playgrounds,Steam,20,2.07,90, 8 mayo 2017,78 /100,GAME,31 marzo 2019
879,Watch Dogs 2 Season Pass (Europe),Uplay,40,16.41,59,29 noviembre 2016,95 /100,DLC,31 marzo 2019
880,RollerCoaster Tycoon Mega Pack,Steam,20,7.38,63, 6 octubre 2016,69 /100,GAME,31 marzo 2019
881,Chivalry: Medieval Warfare,Steam,23,4.99,78,16 octubre 2012,82 /100,GAME,31 marzo 2019
882,Half Life Complete,Steam,36,9.62,73,N/A,96 /100,GAME,31 marzo 2019
883,WWE 2K17 (Europe),Steam,50,6.45,87, 7 febrero 2017,73 /100,GAME,31 marzo 2019
884,The Sims 3: Movie Stuff,Official Website,20,2.79,86,13 septiembre 2013,100 /100,DLC,31 marzo 2019
885,Hitman: Absolution,Steam,20,4.76,76,20 noviembre 2012,89 /100,GAME,31 marzo 2019
886,Armello,Steam,20,5.80,71, 1 septiembre 2015,87 /100,GAME,31 marzo 2019
887,SOMA,Steam,28,4.09,85,22 septiembre 2015,77 /100,GAME,31 marzo 2019
888,Yakuza 0 (Europe),Steam,20,10.03,50, 1 agosto 2018,? /100,GAME,31 marzo 2019
889,Silent Hunter 5: Battle of the Atlantic,Uplay,10,3.22,68,N/A,80 /100,GAME,31 marzo 2019
890,Battlefleet Gothic: Armada 2,Steam,40,28.95,28,24 enero 2019,90 /100,GAME,31 marzo 2019
891,Dead Island: Riptide Complete Edition,Steam,,4.34,/,31 mayo 2016,79 /100,GAME,31 marzo 2019
892,Diablo II Gold Edition,Battle.net,,15.75,/,30 junio 2000,97 /100,GAME,31 marzo 2019
893,The Escapists 2 Season Pass,Steam,10,6.40,36,21 agosto 2017,? /100,DLC,31 marzo 2019
894,Assassin's Creed: Origins Xbox ONE,Xbox,70,25.89,63,27 octubre 2017,87 /100,GAME,31 marzo 2019
895,Call of Duty: Black Ops (Deutsch) (Europe),Steam,40,6.49,84, 9 noviembre 2010,47 /100,GAME,31 marzo 2019
896,Monkey Island 2 Special Edition: LeChuck's Revenge,Steam,8,1.65,80, 7 julio 2010,90 /100,GAME,31 marzo 2019
897,Europa Universalis IV: El Dorado,Steam,15,4.37,71,26 febrero 2015,84 /100,DLC,31 marzo 2019
898,Shift 2: Unleashed,Origin,20,2.99,85,30 marzo 2011,72 /100,GAME,31 marzo 2019
899,Empire: Total War Collection ,Steam,32,5.19,84, 4 marzo 2009,91 /100,GAME,31 marzo 2019
900,Injustice: Gods Among Us Ultimate Edition,Steam,20,2.89,86,29 noviembre 2013,82 /100,GAME,31 marzo 2019
901,Catherine Classic,Steam,20,13.80,31,10 enero 2019,95 /100,GAME,31 marzo 2019
902,Assetto Corsa - Porsche Pack II,Steam,5,3.02,39,22 noviembre 2016,? /100,DLC,31 marzo 2019
903,Tales of Vesperia: Definitive Edition,Steam,40,32.49,19,11 enero 2019,97 /100,GAME,31 marzo 2019
904,Life is Strange 2 Complete Season,Steam,41,30.83,25,26 septiembre 2018,83 /100,GAME,31 marzo 2019
905,Titanfall,Origin,50,4.69,91,13 marzo 2014,83 /100,GAME,31 marzo 2019
906,Crusader Kings II: Jade Dragon,Steam,15,6.22,59,16 noviembre 2017,90 /100,DLC,31 marzo 2019
907,Killing Floor,Steam,20,1.49,93,14 mayo 2009,82 /100,GAME,31 marzo 2019
908,Resident Evil 5,Steam,20,7.34,63,15 septiembre 2009,73 /100,GAME,31 marzo 2019
909,F1 2016,Steam,50,4.68,91,19 agosto 2016,88 /100,GAME,31 marzo 2019
910,Homefront: The Revolution,Steam,30,4.37,85,20 mayo 2016,63 /100,GAME,31 marzo 2019
911,Tropico Bundle,Steam,105,40.49,61,29 marzo 2019,80 /100,GAME,31 marzo 2019
912,Tropico 4 (Collector's Edition) ,Steam,20,4.07,80, 1 septiembre 2011,71 /100,GAME,31 marzo 2019
913,NARUTO SHIPPUDEN: Ultimate Ninja STORM Trilogy Switch (Europe),Nintendo,50,36.99,26,26 abril 2018,? /100,GAME,31 marzo 2019
914,Civilization: Beyond Earth,Steam,40,4.95,88,24 octubre 2014,74 /100,GAME,31 marzo 2019
915,Cities in Motion 2 ,Steam,20,1.04,95, 2 abril 2013,69 /100,GAME,31 marzo 2019
916,BlazBlue: Centralfiction,Steam,37,8.49,77,26 abril 2017,? /100,GAME,31 marzo 2019
917,Grand Theft Auto: Vice City,Steam,10,4.78,52,16 mayo 2003,97 /100,GAME,31 marzo 2019
918,Door Kickers ,Steam,19,2.91,85,20 octubre 2014,? /100,GAME,31 marzo 2019
919,Assetto Corsa - Porsche Pack I,Steam,5,3.90,22,25 octubre 2016,? /100,DLC,31 marzo 2019
920,Borderlands 2: Season Pass (Europe),Steam,30,8.66,71,20 septiembre 2012,79 /100,DLC,31 marzo 2019
921,Pillars of Eternity: Definitive Edition,Steam,37,14.29,61,26 marzo 2015,91 /100,GAME,31 marzo 2019
922,Pokémon Ultra Sun 3DS (Europe),Nintendo,45,35.99,20,17 noviembre 2017,90 /100,GAME,31 marzo 2019
923,Lego Marvel Super Heroes,Steam,20,4.08,80,15 noviembre 2013,86 /100,GAME,31 marzo 2019
924,Europa Universalis IV: Cradle of Civilization,Steam,20,7.56,62,16 noviembre 2017,100 /100,DLC,31 marzo 2019
925,Layers of Fear: Masterpiece Edition,Steam,21,2.90,87,11 noviembre 2016,91 /100,GAME,31 marzo 2019
926,Train Simulator 2017,Steam,30,6.74,78,16 septiembre 2016,67 /100,GAME,31 marzo 2019
927,XCOM 2 Reinforcement Pack (Europe),Steam,20,6.49,68, 5 febrero 2016,90 /100,DLC,31 marzo 2019
928,Shadow Warrior,Steam,35,1.77,95,26 septiembre 2013,90 /100,GAME,31 marzo 2019
929,The Elder Scrolls Bundle,Steam,70,20.31,71,28 octubre 2016,93 /100,GAME,31 marzo 2019
930,Carmageddon: Max Damage,Steam,17,2.43,86,27 octubre 2016,? /100,GAME,31 marzo 2019
931,Life is Strange 2 - Episodes 2-5 bundle,Steam,33,23.90,28,26 septiembre 2018,? /100,DLC,31 marzo 2019
932,RimWorld,Steam,30,29.22,3,17 octubre 2018,? /100,GAME,31 marzo 2019
933,Mass Effect 2 Digital Deluxe Edition,Origin,30,3.49,88,27 enero 2010,97 /100,GAME,31 marzo 2019
934,Assassin's Creed: Liberation HD,Uplay,20,3.35,83,15 enero 2014,72 /100,GAME,31 marzo 2019
935,Donkey Kong Country Tropical Freeze Switch (Europe),Nintendo,60,47.99,20, 4 mayo 2018,95 /100,GAME,31 marzo 2019
936,One Piece: Pirate Warriors 3 Gold Edition,Steam,52,11.27,78,22 septiembre 2015,84 /100,GAME,31 marzo 2019
937,The Crew Xbox ONE,Xbox,25,4.99,80,12 febrero 2014,80 /100,GAME,31 marzo 2019
938,Hurtworld,Steam,23,7.53,67, 4 diciembre 2015,84 /100,GAME,31 marzo 2019
939,Europa Universalis IV: Third Rome,Steam,10,3.75,62,14 junio 2017,? /100,DLC,31 marzo 2019
940,Yooka-Laylee,Steam,40,4.90,88,11 abril 2017,83 /100,GAME,31 marzo 2019
941,The Walking Dead: Season Two,Steam,15,14.77,1,17 diciembre 2013,95 /100,GAME,31 marzo 2019
942,The Elder Scrolls V: Skyrim - Dragonborn (Europe),Steam,20,5.69,72, 5 febrero 2013,83 /100,DLC,31 marzo 2019
943,Crysis 3 (Europe),Origin,20,7.26,64,21 febrero 2013,88 /100,GAME,31 marzo 2019
944,Impossible Creatures Steam Edition,Steam,10,1.96,80, 7 enero 2003,95 /100,GAME,31 marzo 2019
945,Cityconomy: Service for your City,Steam,20,5.98,70, 2 diciembre 2015,82 /100,GAME,31 marzo 2019
946,Star Wars: Knights of the Old Republic 2 - The Sith Lords,Steam,8,2.55,69, 8 febrero 2005,88 /100,GAME,31 marzo 2019
947,UnEpic,Steam,13,2.82,78,25 julio 2014,95 /100,GAME,31 marzo 2019
948,EA Access Pass 12 Meses Xbox One ,Xbox,25,22.99,8,N/A,96 /100,GAME,31 marzo 2019
949,The Elder Scrolls V: Skyrim - Dawnguard,Steam,20,5.49,73, 3 agosto 2012,87 /100,DLC,31 marzo 2019
950,Sacred 3,Steam,15,1.10,93, 1 agosto 2014,57 /100,GAME,31 marzo 2019
951,Railway Empire - Germany,Steam,13,9.98,23, 1 marzo 2019,? /100,DLC,31 marzo 2019
952,Far Cry New Dawn Xbox ONE,Xbox,45,34.78,23,15 febrero 2019,74 /100,GAME,31 marzo 2019
953,Superhot VR,Steam,23,13.50,41,25 mayo 2017,83 /100,GAME,31 marzo 2019
954,Wargroove,Steam,17,14.98,12, 1 febrero 2019,100 /100,GAME,31 marzo 2019
955,White Noise 2,Steam,10,1.79,82, 7 abril 2017,? /100,GAME,31 marzo 2019
956,Tom Clancy's Rainbow Six Siege - Year 4 Pass Xbox ONE,Xbox,30,25.39,15,11 diciembre 2018,87 /100,DLC,31 marzo 2019
957,The Flame in the Flood,Steam,15,1.01,93,24 febrero 2016,90 /100,GAME,31 marzo 2019
958,Sniper: Ghost Warrior 2,Steam,10,2.04,80,14 marzo 2013,72 /100,GAME,31 marzo 2019
959,Crusader Kings II: Rajas of India,Steam,15,5.45,64,25 marzo 2014,? /100,DLC,31 marzo 2019
960,Golf With Your Friends,Steam,6,5.49,8,30 enero 2016,87 /100,GAME,31 marzo 2019
961,Europa Universalis IV: Mandate of Heaven,Steam,20,6.48,68, 6 abril 2017,100 /100,DLC,31 marzo 2019
962,Rocket League - Proteus,Steam,2,1.49,25, 4 octubre 2016,? /100,DLC,31 marzo 2019
963,Mortal Kombat X: Kombat Pack 2,Steam,20,3.89,81, 4 octubre 2016,93 /100,DLC,31 marzo 2019
964,Stronghold 3 Gold,Steam,28,4.07,85,25 mayo 2012,65 /100,GAME,31 marzo 2019
965,Tales of Symphonia,Steam,20,4.36,78, 1 febrero 2016,80 /100,GAME,31 marzo 2019
966,Project Cars,Steam,30,6.43,79, 6 mayo 2015,85 /100,GAME,31 marzo 2019
967,Rebel Galaxy,Steam,17,2.30,86,20 octubre 2015,92 /100,GAME,31 marzo 2019
968,Crusader Kings II: The Republic,Steam,10,5.98,40,15 enero 2013,? /100,DLC,31 marzo 2019
969,Moon Hunters,Steam,12,1.41,89,10 marzo 2016,? /100,GAME,31 marzo 2019
970,RUNNING WITH RIFLES,Steam,15,1.98,87, 2 abril 2015,? /100,GAME,31 marzo 2019
971,Ashes of the Singularity: Escalation,Steam,25,2.04,92,10 noviembre 2016,? /100,GAME,31 marzo 2019
972,Kingdom Two Crowns,Steam,20,14.32,28,11 diciembre 2018,80 /100,GAME,31 marzo 2019
973,NHL 19 Xbox ONE,Xbox,60,29.87,50,14 septiembre 2018,80 /100,GAME,31 marzo 2019
974,Captain Toad: Treasure Tracker Switch (Europe),Nintendo,40,31.99,20,13 julio 2018,90 /100,GAME,31 marzo 2019
975,Postal 2,Steam,10,2.19,78,13 abril 2003,100 /100,GAME,31 marzo 2019
976,Life is Strange: Before the Storm Deluxe Edition,Steam,27,6.48,76,31 agosto 2017,86 /100,GAME,31 marzo 2019
977,Los Sims 4: Cocina Divina Pack de Accesorios,Origin,,10.01,/,11 julio 2015,95 /100,DLC,31 marzo 2019
978,RollerCoaster Tycoon: Deluxe,Steam,6,4.75,21,31 marzo 1999,73 /100,GAME,31 marzo 2019
979,Rocket League Xbox ONE,Xbox,20,17.99,10, 7 julio 2015,92 /100,GAME,31 marzo 2019
980,Final Fantasy XIV: Online Starter Edition (Europe),Official Website,25,9.58,62,27 agosto 2013,86 /100,GAME,31 marzo 2019
981,Outcast: Second Contact,Steam,35,4.05,88,14 noviembre 2017,60 /100,GAME,31 marzo 2019
982,Sniper Elite 4 Season Pass,Steam,35,16.11,54,13 febrero 2017,100 /100,DLC,31 marzo 2019
983,Kona,Steam,15,2.15,86, 1 marzo 2016,87 /100,GAME,31 marzo 2019
984,Total War: NAPOLEON Definitive Edition (Europe),Steam,25,8.30,67,25 febrero 2010,88 /100,GAME,31 marzo 2019
985,Sins of a Solar Empire: Rebellion,Steam,40,2.80,93,12 junio 2012,100 /100,GAME,31 marzo 2019
986,Two Worlds II,Steam,20,1.14,94, 3 febrero 2011,75 /100,GAME,31 marzo 2019
987,The Sims 3: Monte Vista,Official Website,20,7.98,60, 8 enero 2013,47 /100,DLC,31 marzo 2019
988,Broforce,Steam,14,7.91,43,15 octubre 2015,99 /100,GAME,31 marzo 2019
989,Crusader Kings II: Horse Lords,Steam,15,5.12,66,14 julio 2015,80 /100,DLC,31 marzo 2019
990,Civilization V,Steam,30,5.03,83,23 septiembre 2010,89 /100,GAME,31 marzo 2019
991,Anno 2070,Uplay,20,5.70,71,17 noviembre 2011,77 /100,GAME,31 marzo 2019
992,Broken Sword 5: The Serpent's Curse,Steam,23,2.05,91, 4 diciembre 2013,88 /100,GAME,31 marzo 2019
993,Medal of Honor: Warfighter,Origin,20,4.29,79,25 octubre 2012,69 /100,GAME,31 marzo 2019
994,Torment: Tides of Numenera,Steam,45,4.54,90,28 febrero 2017,64 /100,GAME,31 marzo 2019
995,Resident Evil HD (Europe),Steam,20,6.04,70,20 enero 2015,92 /100,GAME,31 marzo 2019
996,Skullgirls,Steam,10,2.64,74,23 agosto 2014,80 /100,GAME,31 marzo 2019
997,Woolfe: The Redhood Diaries,Steam,10,1.48,85,17 marzo 2015,63 /100,GAME,31 marzo 2019
998,3D Mark,Steam,25,12.07,52, 4 febrero 2013,? /100,GAME,31 marzo 2019
